Majili,Shiva Nirvana,//in.bmscdn.com/iedb/artist/images/website/poster/large/shiva-nirvana-1263986-03-04-2019-13-05-24.jpg
Majili,Naga Chaitanya Akkineni,//in.bmscdn.com/iedb/artist/images/website/poster/large/naga-chaitanya-akkineni-13567-19-09-2017-01-43-19.jpg
Majili,Samantha Akkineni,//in.bmscdn.com/iedb/artist/images/website/poster/large/samantha-ruth-prabhu-36761-19-09-2017-09-44-58.jpg
Majili,Mani Kiran Reddy,//in.bmscdn.com/Artist/1070784.jpg
Majili,Posani Krishna Murali,//in.bmscdn.com/iedb/artist/images/website/poster/large/posani-krishna-murali-9722-24-03-2017-17-41-52.jpg
Chitralahari,Kishore Tirumala,//in.bmscdn.com/iedb/artist/images/website/poster/large/kishore-tirumala-39354-24-03-2017-17-46-34.jpg
Chitralahari,Sai Dharam Tej,//in.bmscdn.com/iedb/artist/images/website/poster/large/sai-dharam-tej-29680-24-03-2017-17-46-32.jpg
Chitralahari,Kalyani Priyadarshan,//in.bmscdn.com/iedb/artist/images/website/poster/large/kalyani-priyadarshan-1087722-16-11-2017-04-27-00.jpg
Chitralahari,Nivetha Pethuraj,//in.bmscdn.com/iedb/artist/images/website/poster/large/nivetha-pethuraj-1061197-24-03-2017-16-20-58.jpg
Chitralahari,Brahmaji,//in.bmscdn.com/iedb/artist/images/website/poster/large/brahmaji-7392-24-03-2017-13-05-30.jpg
Shazam!,David F. Sandberg,//in.bmscdn.com/iedb/artist/images/website/poster/large/david-f.-sandberg-1064737-24-03-2017-16-24-02.jpg
Shazam!,Zachary Levi,//in.bmscdn.com/iedb/artist/images/website/poster/large/zachary-levi-21093-01-04-2019-12-06-13.jpg
Shazam!,Mark Strong,//in.bmscdn.com/iedb/artist/images/website/poster/large/mark-strong-1396-24-03-2017-12-35-24.jpg
Shazam!,Jack Dylan Grazer,//in.bmscdn.com/iedb/artist/images/website/poster/large/jack-dylan-grazer-1076910-06-09-2017-16-46-01.jpg
Shazam!,Grace Fulton,//in.bmscdn.com/iedb/artist/images/website/poster/large/grace-fulton-1076880-14-08-2017-14-32-07.jpg
Romeo Akbar Walter,Robbie Grewal,//in.bmscdn.com/iedb/artist/images/website/poster/large/robby-grewal-1894-03-04-2019-04-21-55.jpg
Romeo Akbar Walter,John Abraham,//in.bmscdn.com/iedb/artist/images/website/poster/large/john_abraham_1017_29-07-2016_12-22-37.jpg
Romeo Akbar Walter,Mouni Roy,//in.bmscdn.com/iedb/artist/images/website/poster/large/mouni-roy-19534-03-11-2016-05-51-29.jpg
Romeo Akbar Walter,Jackie Shroff,//in.bmscdn.com/iedb/artist/images/website/poster/large/jackie-shroff-882-19-09-2017-05-13-08.jpg
Romeo Akbar Walter,Sikander Kher,//in.bmscdn.com/iedb/artist/images/website/poster/large/sikander-kher-2170-24-03-2017-17-42-56.jpg
Kesari,Anurag Singh,//in.bmscdn.com/iedb/artist/images/website/poster/large/anurag-singh-216-12-06-2017-12-49-57.jpg
Kesari,Akshay Kumar,//in.bmscdn.com/iedb/artist/images/website/poster/large/akshay-kumar-94-20-12-2017-04-36-47.jpg
Kesari,Parineeti Chopra,//in.bmscdn.com/iedb/artist/images/website/poster/large/parineeti-chopra-25380-09-05-2017-15-33-42.jpg
Kesari,Edward Sonnenblick,//in.bmscdn.com/iedb/artist/images/website/poster/large/edward-sonnenblick-1067365-19-03-2019-11-18-32.jpg
Kesari,Mark Bennington,//in.bmscdn.com/iedb/artist/images/website/poster/large/mark-bennington-1054905-01-06-2018-12-42-11.jpg
Prema Katha Chitram 2,Hari Kishan,//in.bmscdn.com/Artist/1263550.jpg
Prema Katha Chitram 2,Nandita Swetha,//in.bmscdn.com/iedb/artist/images/website/poster/large/nandita-swetha-1057079-24-03-2017-17-35-08.jpg
Prema Katha Chitram 2,Sumanth Ashwin,//in.bmscdn.com/iedb/artist/images/website/poster/large/sumanth-ashwin-30643-17-04-2017-17-32-10.jpg
Prema Katha Chitram 2,Siddhi Idnani,//in.bmscdn.com/iedb/artist/images/website/poster/large/siddhi-idnani-1075772-16-11-2016-10-46-19.jpg
Prema Katha Chitram 2,Prabhas Sreenu,//in.bmscdn.com/iedb/artist/images/website/poster/large/prabhas-sreenu-1059985-24-03-2017-17-46-32.jpg
Dumbo,Tim Burton,//in.bmscdn.com/iedb/artist/images/website/poster/large/tim-burton-5097-12-09-2017-05-59-20.jpg
Dumbo,Colin Farrell,//in.bmscdn.com/iedb/artist/images/website/poster/large/colin-farrell-468-24-03-2017-13-52-20.jpg
Dumbo,Finley Hobbins,//in.bmscdn.com/iedb/artist/images/website/poster/large/finley-hobbins-1266671-26-03-2019-12-00-32.jpg
Dumbo,Nico Parker,//in.bmscdn.com/iedb/artist/images/website/poster/large/nico-parker-1266672-26-03-2019-12-01-33.jpg
Dumbo,Eva Green,//in.bmscdn.com/iedb/artist/images/website/poster/large/eva-green-662-26-10-2016-06-39-51.jpg
Hellboy,Neil Marshall,//in.bmscdn.com/iedb/artist/images/website/poster/large/neil-marshall-12000-09-04-2019-13-41-35.jpg
Hellboy,David Harbour,//in.bmscdn.com/iedb/artist/images/website/poster/large/david-harbour-27559-09-04-2019-13-26-09.jpg
Hellboy,Milla Jovovich,//in.bmscdn.com/iedb/artist/images/website/poster/large/milla-jovovich-2767-24-03-2017-12-44-33.jpg
Hellboy,Ian McShane,//in.bmscdn.com/iedb/artist/images/website/poster/large/ian-mcshane-843-24-03-2017-12-47-47.jpg
Hellboy,Brian Gleeson,//in.bmscdn.com/iedb/artist/images/website/poster/large/brian-gleeson-1054473-24-03-2017-13-14-16.jpg
Lakshmi's NTR,Ram Gopal Varma,//in.bmscdn.com/iedb/artist/images/website/poster/large/ram-gopal-varma-1813-24-03-2017-12-29-16.jpg
Lakshmi's NTR,P Vijay Kumar,//in.bmscdn.com/Artist/IEIN081475.jpg
Lakshmi's NTR,Yagna Shetty,//in.bmscdn.com/iedb/artist/images/website/poster/large/yagna-shetty-13240-12-09-2017-03-47-27.jpg
Lakshmi's NTR,Rajsekhar Aningi,//in.bmscdn.com/Artist/1266833.jpg
Super Deluxe,Thiagarajan Kumararaja,//in.bmscdn.com/iedb/artist/images/website/poster/large/thiagarajan-kumararaja-24366-24-03-2017-15-58-31.jpg
Super Deluxe,Vijay Sethupathi,//in.bmscdn.com/iedb/artist/images/website/poster/large/vijay-sethupathi-32355-16-09-2017-03-30-38.jpg
Super Deluxe,Fahadh Faasil,//in.bmscdn.com/iedb/artist/images/website/poster/large/fahadh-faasil-37756-24-03-2017-17-27-27.jpg
Super Deluxe,Samantha Akkineni,//in.bmscdn.com/iedb/artist/images/website/poster/large/samantha-ruth-prabhu-36761-19-09-2017-09-44-58.jpg
Super Deluxe,Mysskin,//in.bmscdn.com/iedb/artist/images/website/poster/large/mysskin-5038-24-03-2017-14-02-47.jpg
Badla,Sujoy Ghosh,//in.bmscdn.com/iedb/artist/images/website/poster/large/sujoy-ghosh-10920-19-09-2017-02-06-52.jpg
Badla,Amitabh Bachchan,//in.bmscdn.com/iedb/artist/images/website/poster/large/amitabh-bachchan-138-12-09-2017-02-34-37.jpg
Badla,Taapsee Pannu,//in.bmscdn.com/iedb/artist/images/website/poster/large/taapsee-pannu-20499-13-09-2016-04-24-05.jpg
Badla,Amrita Singh,//in.bmscdn.com/iedb/artist/images/website/poster/large/amrita-singh-8345-22-08-2016-01-55-37.jpg
Badla,Manav Kaul,//in.bmscdn.com/iedb/artist/images/website/poster/large/manav-kaul-1345-03-11-2017-02-59-06.jpg
How To Train Your Dragon: The Hidden World,Dean DeBlois,//in.bmscdn.com/iedb/artist/images/website/poster/large/dean-deblois-16897-18-03-2019-03-19-53.jpg
Captain Marvel,Anna Boden,//in.bmscdn.com/iedb/artist/images/website/poster/large/anna-boden-iein012901-24-03-2017-15-26-19.jpg
Captain Marvel,Brie Larson,//in.bmscdn.com/iedb/artist/images/website/poster/large/brie-larson-28222-24-03-2017-13-54-03.jpg
Captain Marvel,Samuel L. Jackson,//in.bmscdn.com/iedb/artist/images/website/poster/large/samuel-l.-jackson-2018-24-03-2017-12-37-08.jpg
Captain Marvel,Ben Mendelsohn,//in.bmscdn.com/iedb/artist/images/website/poster/large/ben-mendelsohn-31413-24-03-2017-16-02-28.jpg
Captain Marvel,Jude Law,//in.bmscdn.com/iedb/artist/images/website/poster/large/jude-law-1090-24-03-2017-13-00-56.jpg
The Least Of These,Aneesh Daniel,//in.bmscdn.com/iedb/artist/images/website/poster/large/aneesh-daniel-1266055-12-03-2019-04-14-38.jpg
The Least Of These,Sharman Joshi,//in.bmscdn.com/iedb/artist/images/website/poster/large/sharman-joshi-2113-13-09-2017-03-49-45.jpg
The Least Of These,Aditi Chengappa,//in.bmscdn.com/iedb/artist/images/website/poster/large/aditi-chengappa-1050747-24-03-2017-14-23-29.jpg
The Least Of These,Stephen Baldwin,//in.bmscdn.com/iedb/artist/images/website/poster/large/stephen-baldwin-iein002349-24-03-2017-12-42-26.jpg
The Least Of These,Prakash Belawadi,//in.bmscdn.com/iedb/artist/images/website/poster/large/prakash-belawadi-19327-24-03-2017-14-34-41.jpg
Jessie,Ashwani Kumar V,//in.bmscdn.com/iedb/artist/images/website/poster/large/ashwani-kumar-v-1265964-28-02-2019-10-47-46.jpg
Jessie,Abhinav Gomatam,//in.bmscdn.com/iedb/artist/images/website/poster/large/abhinav-gomatam-1050237-05-06-2017-11-02-51.jpg
Jessie,Abhishek Maharshi,//in.bmscdn.com/iedb/artist/images/website/poster/large/abhishek-maharshi-1082762-05-06-2017-11-03-27.jpg
Jessie,Archana Shastry,//in.bmscdn.com/iedb/artist/images/website/poster/large/archana-shastry-1262445-28-02-2019-11-04-17.jpg
Jessie,Ashima Narwal,//in.bmscdn.com/iedb/artist/images/website/poster/large/ashima-narwal-1082759-05-06-2017-11-05-02.jpg
Lucifer ,Prithviraj Sukumaran,//in.bmscdn.com/iedb/artist/images/website/poster/large/prithviraj-sukumaran-31501-16-09-2017-05-40-22.jpg
Lucifer ,Mohanlal,//in.bmscdn.com/iedb/artist/images/website/poster/large/mohanlal-1502-24-03-2017-12-30-59.jpg
Lucifer ,Vivek Oberoi,//in.bmscdn.com/iedb/artist/images/website/poster/large/vivek-oberoi-2511-19-09-2017-05-19-17.jpg
Lucifer ,Manju Warrier,//in.bmscdn.com/iedb/artist/images/website/poster/large/manju-warrier-1045703-24-03-2017-18-01-42.jpg
Lucifer ,Tovino Thomas,//in.bmscdn.com/iedb/artist/images/website/poster/large/tovino-thomas-37628-25-07-2018-06-42-03.jpg
Junglee,Chuck Russell,//in.bmscdn.com/iedb/artist/images/website/poster/large/chuck-russell-14046-13-11-2017-04-30-22.jpg
Junglee,Vidyut Jammwal,//in.bmscdn.com/iedb/artist/images/website/poster/large/vidyut-jamwal-30657-24-03-2017-13-55-31.jpg
Junglee,Makarand Deshpande,//in.bmscdn.com/iedb/artist/images/website/poster/large/makarand-deshpande-1063244-22-11-2016-02-14-45.jpg
Junglee,Atul Kulkarni,//in.bmscdn.com/iedb/artist/images/website/poster/large/atul-kulkarni-261-21-09-2017-11-24-17.jpg
Junglee,Pooja Sawant,//in.bmscdn.com/iedb/artist/images/website/poster/large/pooja-sawant-16967-24-03-2017-15-38-25.jpg
Suryakantham,Pranith Bramandapally,//in.bmscdn.com/iedb/artist/images/website/poster/large/pranith-bramandapally-1263233-29-03-2019-11-32-15.jpg
Suryakantham,Niharika Konidela,//in.bmscdn.com/iedb/artist/images/website/poster/large/niharika-konidela-1068316-24-03-2017-17-18-37.jpg
Suryakantham,Rahul Vijay,//in.bmscdn.com/iedb/artist/images/website/poster/large/rahul-vijay-1093440-15-09-2018-12-24-43.jpg
Suryakantham,Shivaji Raja,//in.bmscdn.com/iedb/artist/images/website/poster/large/shivaji-raja-39709-11-08-2018-01-06-08.jpg
Suryakantham,Madhumani,//in.bmscdn.com/iedb/artist/images/website/poster/large/madhumani-6959-29-05-2017-15-10-58.jpg
Luka Chuppi,Laxman Utekar,//in.bmscdn.com/iedb/artist/images/website/poster/large/laxman-utekar-1044555-24-03-2017-17-38-52.jpg
Luka Chuppi,Kartik Aaryan,//in.bmscdn.com/iedb/artist/images/website/poster/large/kartik-aaryan-1045198-08-12-2017-06-34-11.jpg
Luka Chuppi,Kriti Sanon,//in.bmscdn.com/iedb/artist/images/website/poster/large/kriti-sanon-37438-15-09-2017-03-51-03.jpg
Luka Chuppi,Pankaj Tripathi,//in.bmscdn.com/iedb/artist/images/website/poster/large/pankaj-tripathi-29809-23-03-2017-02-54-29.jpg
Luka Chuppi,Vinay Pathak,//in.bmscdn.com/iedb/artist/images/website/poster/large/vinay-pathak-2483-24-03-2017-12-33-12.jpg
URI - The Surgical Strike,Aditya Dhar,//in.bmscdn.com/iedb/artist/images/website/poster/large/aditya-dhar-iein030114-07-01-2019-16-46-47.jpg
URI - The Surgical Strike,Vicky Kaushal,//in.bmscdn.com/iedb/artist/images/website/poster/large/vicky-kaushal-32264-24-03-2017-17-44-59.jpg
URI - The Surgical Strike,Yami Gautam,//in.bmscdn.com/iedb/artist/images/website/poster/large/yami-gautam-17250-30-09-2017-01-01-12.jpg
URI - The Surgical Strike,Kirti Kulhari,//in.bmscdn.com/iedb/artist/images/website/poster/large/kirti-kulhari-4533-24-03-2017-17-42-45.jpg
URI - The Surgical Strike,Paresh Rawal,//in.bmscdn.com/iedb/artist/images/website/poster/large/paresh-rawal-1644-13-09-2017-03-44-45.jpg
Lucifer ,Prithviraj Sukumaran,//in.bmscdn.com/iedb/artist/images/website/poster/large/prithviraj-sukumaran-31501-16-09-2017-05-40-22.jpg
Lucifer ,Mohanlal,//in.bmscdn.com/iedb/artist/images/website/poster/large/mohanlal-1502-24-03-2017-12-30-59.jpg
Lucifer ,Murali Gopy,//in.bmscdn.com/iedb/artist/images/website/poster/large/murali-gopy-31057-24-03-2017-12-55-12.jpg
Lucifer ,Tovino Thomas,//in.bmscdn.com/iedb/artist/images/website/poster/large/tovino-thomas-37628-25-07-2018-06-42-03.jpg
Lucifer ,Vivek Oberoi,//in.bmscdn.com/iedb/artist/images/website/poster/large/vivek-oberoi-2511-19-09-2017-05-19-17.jpg
Pet Sematary,Kevin Kolsch,//in.bmscdn.com/Artist/IEIN022025.jpg
Pet Sematary,Jason Clarke,//in.bmscdn.com/iedb/artist/images/website/poster/large/jason-clarke-8752-24-03-2017-13-03-42.jpg
Pet Sematary,John Lithgow,//in.bmscdn.com/iedb/artist/images/website/poster/large/john-lithgow-10956-07-12-2017-10-36-24.jpg
Pet Sematary,Amy Seimetz,//in.bmscdn.com/iedb/artist/images/website/poster/large/amy-seimetz-36866-24-03-2017-13-49-43.jpg
The Tashkent Files,Vivek Agnihotri,//in.bmscdn.com/iedb/artist/images/website/poster/large/vivek-agnihotri-2509-19-09-2017-01-48-41.jpg
The Tashkent Files,Naseeruddin Shah,//in.bmscdn.com/iedb/artist/images/website/poster/large/naseeruddin-shah-1554-24-03-2017-12-31-15.jpg
The Tashkent Files,Mithun Chakraborty,//in.bmscdn.com/iedb/artist/images/website/poster/large/mithun-chakraborty-1493-24-03-2017-12-31-13.jpg
The Tashkent Files,Pankaj Tripathi,//in.bmscdn.com/iedb/artist/images/website/poster/large/pankaj-tripathi-29809-23-03-2017-02-54-29.jpg
The Tashkent Files,Mandira Bedi,//in.bmscdn.com/iedb/artist/images/website/poster/large/mandira_bedi_1347_20-07-2016_04-05-57.jpg
Five Feet Apart ,Justin Baldoni,//in.bmscdn.com/iedb/artist/images/website/poster/large/justin-baldoni-iein102751-29-03-2019-12-26-55.jpg
Five Feet Apart ,Haley Lu Richardson,//in.bmscdn.com/iedb/artist/images/website/poster/large/haley-lu-richardson-1072200-24-03-2017-13-15-36.jpg
Five Feet Apart ,Cole Sprouse,//in.bmscdn.com/iedb/artist/images/website/poster/large/cole-sprouse-1266372-14-03-2019-10-49-45.jpg
Five Feet Apart ,Claire Forlani,//in.bmscdn.com/iedb/artist/images/website/poster/large/claire-forlani-9446-29-03-2019-12-11-10.jpg
Five Feet Apart ,Moises Arias,//in.bmscdn.com/iedb/artist/images/website/poster/large/moises-arias-7082-13-06-2017-17-01-11.jpg
Chikati Gadilo Chithakotudu,Santhosh P. Jayakumar,//in.bmscdn.com/iedb/artist/images/website/poster/large/santhosh-p-jayakumar-1086523-03-10-2017-04-11-05.jpg
Chikati Gadilo Chithakotudu,Bhagyashree Mote,//in.bmscdn.com/iedb/artist/images/website/poster/large/bhagyashree-mothe-1084254-29-08-2018-06-55-22.jpg
Chikati Gadilo Chithakotudu,Mottai Rajendran,//in.bmscdn.com/iedb/artist/images/website/poster/large/mottai-rajendran-1059894-13-08-2018-04-21-21.jpg
Chikati Gadilo Chithakotudu,Posani Krishna Murali,//in.bmscdn.com/iedb/artist/images/website/poster/large/posani-krishna-murali-9722-24-03-2017-17-41-52.jpg
Chikati Gadilo Chithakotudu,Nikki Tamboli,//in.bmscdn.com/iedb/artist/images/website/poster/large/nikki-tamboli-1266536-19-03-2019-11-22-34.jpg
Airaa,Sarjun KM,//in.bmscdn.com/iedb/artist/images/website/poster/large/sarjun-km-1086175-16-09-2017-12-07-40.jpg
Airaa,Nayanthara,//in.bmscdn.com/iedb/artist/images/website/poster/large/nayanthara-5143-24-03-2017-17-46-20.jpg
Airaa,Kalaiyarasan Harikrishnan,//in.bmscdn.com/iedb/artist/images/website/poster/large/kalaiyarasan-harikrishnan-1060606-24-03-2017-16-20-30.jpg
Airaa,Yogi Babu,//in.bmscdn.com/iedb/artist/images/website/poster/large/yogi-babu-1055754-24-03-2017-16-16-46.jpg
Airaa,Kulappulli Leela,//in.bmscdn.com/iedb/artist/images/website/poster/large/kulappulli-leela-1081271-29-03-2017-18-02-35.jpg
Sahasaputrudu,Neil Marshall,//in.bmscdn.com/iedb/artist/images/website/poster/large/neil-marshall-12000-09-04-2019-13-41-35.jpg
Sahasaputrudu,David Harbour,//in.bmscdn.com/iedb/artist/images/website/poster/large/david-harbour-27559-09-04-2019-13-26-09.jpg
Sahasaputrudu,Milla Jovovich,//in.bmscdn.com/iedb/artist/images/website/poster/large/milla-jovovich-2767-24-03-2017-12-44-33.jpg
Sahasaputrudu,Ian McShane,//in.bmscdn.com/iedb/artist/images/website/poster/large/ian-mcshane-843-24-03-2017-12-47-47.jpg
Sahasaputrudu,Brian Gleeson,//in.bmscdn.com/iedb/artist/images/website/poster/large/brian-gleeson-1054473-24-03-2017-13-14-16.jpg
118,K. V. Guhan,//in.bmscdn.com/iedb/artist/images/website/poster/large/k.-v.-guhan-18765-19-05-2017-11-52-19.jpg
118,Nandamuri Kalyan Ram,//in.bmscdn.com/iedb/artist/images/website/poster/large/nandamuri-kalyan-ram-2877-24-03-2017-17-34-53.jpg
118,Nivetha Thomas,//in.bmscdn.com/iedb/artist/images/website/poster/large/niveda-thomas-1048503-24-03-2017-17-45-37.jpg
118,Shalini Pandey,//in.bmscdn.com/iedb/artist/images/website/poster/large/shalini-pandey-1086417-27-09-2017-02-39-28.jpg
118,Ashok Kumar,//in.bmscdn.com/iedb/artist/images/website/poster/large/ashok-kumar-4482-31-05-2018-01-39-18.jpg
Paharganj,Rakesh Ranjan Kumar,//in.bmscdn.com/iedb/artist/images/website/poster/large/rakesh-ranjan-kumar-24919-10-04-2019-12-16-01.jpg
Paharganj,Bijesh Jayarajan,//in.bmscdn.com/iedb/artist/images/website/poster/large/bijesh-jayarajan-5694-24-03-2017-14-32-54.jpg
Paharganj,Rajesh Sharma,//in.bmscdn.com/iedb/artist/images/website/poster/large/rajesh-sharma-7925-24-03-2017-12-51-54.jpg
Paharganj,Gautam Kurup,//in.bmscdn.com/iedb/artist/images/website/poster/large/gautam-kurup-iein016752-24-03-2017-15-39-11.jpg
Paharganj,Jyoti Kalash,//in.bmscdn.com/Artist/1081378.jpg
Prasnistha,Raja Vannem Reddy,//in.bmscdn.com/iedb/artist/images/website/poster/large/raja-vannem-reddy-6956-05-04-2019-04-49-20.jpg
Prasnistha,Aamani,//in.bmscdn.com/iedb/artist/images/website/poster/large/aamani-1049878-16-11-2017-01-12-51.jpg
Prasnistha,Rao Ramesh,//in.bmscdn.com/iedb/artist/images/website/poster/large/rao-ramesh-8665-24-03-2017-17-46-17.jpg
Prasnistha,Prabhas Sreenu,//in.bmscdn.com/iedb/artist/images/website/poster/large/prabhas-sreenu-1059985-24-03-2017-17-46-32.jpg
Prasnistha,Akshitha,//in.bmscdn.com/iedb/artist/images/website/poster/large/akshitha-1053025-14-10-2016-02-17-44.jpg
Runam,Srinivas Gundreddy,//in.bmscdn.com/Artist/40314.jpg
Runam,Priyanka Augustin,//in.bmscdn.com/iedb/artist/images/website/poster/large/priyanka-augustin-1084311-11-07-2017-15-22-54.jpg
Runam,Gopi Krishna,//in.bmscdn.com/iedb/artist/images/website/poster/large/gopi-krishna-1081174-30-06-2017-15-47-36.jpg
Blackboard VS Whiteboard,Tarun Bisht,//in.bmscdn.com/iedb/artist/images/website/poster/large/tarun-bisht-1265833-01-03-2019-11-51-14.jpg
Blackboard VS Whiteboard,Raghubir Yadav,//in.bmscdn.com/iedb/artist/images/website/poster/large/raghubir-yadav-1069921-05-09-2018-02-40-51.jpg
Blackboard VS Whiteboard,Mr. Dharmendra Singh,//in.bmscdn.com/iedb/artist/images/website/poster/large/mr-dharmendra-singh-1266031-01-03-2019-11-48-13.jpg
Blackboard VS Whiteboard,Alismita Goswami,//in.bmscdn.com/iedb/artist/images/website/poster/large/alismita-goswami-1265520-12-02-2019-03-02-26.jpg
Blackboard VS Whiteboard,Ashok Samarth,//in.bmscdn.com/iedb/artist/images/website/poster/large/ashok-samarth-245-24-03-2017-14-13-44.jpg
Kalank,Abhishek Varman,//in.bmscdn.com/iedb/artist/images/website/poster/large/abhishek-varman-1043234-24-03-2017-16-09-48.jpg
Kalank,Varun Dhawan,//in.bmscdn.com/iedb/artist/images/website/poster/large/varun-dhawan-21064-12-09-2017-02-22-38.jpg
Kalank,Aditya Roy Kapur,//in.bmscdn.com/iedb/artist/images/website/poster/large/aditya-roy-kapur-1046800-12-09-2017-06-00-23.jpg
Kalank,Sanjay Dutt,//in.bmscdn.com/iedb/artist/images/website/poster/large/sanjay-dutt-2035-12-09-2017-05-07-10.jpg
Kalank,Alia Bhatt,//in.bmscdn.com/iedb/artist/images/website/poster/large/alia-bhatt-21065-13-09-2017-04-53-45.jpg
Krantiveer,Mehul Kumar,//in.bmscdn.com/Artist/5187.jpg
Krantiveer,Nana Patekar,//in.bmscdn.com/iedb/artist/images/website/poster/large/nana-patekar-1541-24-03-2017-12-31-18.jpg
Krantiveer,Dimple Kapadia,//in.bmscdn.com/iedb/artist/images/website/poster/large/dimple-kapadia-595-19-09-2017-05-14-09.jpg
Krantiveer,Farida Jalal,//in.bmscdn.com/iedb/artist/images/website/poster/large/farida-jalal-672-07-10-2017-01-22-53.jpg
Krantiveer,Atul Agnihotri,//in.bmscdn.com/iedb/artist/images/website/poster/large/atul-agnihotri-4995-24-03-2017-12-48-17.jpg
Farishtay,Anil Sharma,//in.bmscdn.com/iedb/artist/images/website/poster/large/anil-sharma-181-13-04-2018-07-08-50.jpg
Farishtay,Dharmendra,//in.bmscdn.com/iedb/artist/images/website/poster/large/dharmendra-582-24-03-2017-12-29-21.jpg
Farishtay,Vinod Khanna,//in.bmscdn.com/iedb/artist/images/website/poster/large/vinod-khanna-2489-24-03-2017-12-29-20.jpg
Farishtay,Jaya Prada,//in.bmscdn.com/iedb/artist/images/website/poster/large/jaya-prada-950-05-04-2017-16-02-55.jpg
Farishtay,Sridevi,//in.bmscdn.com/iedb/artist/images/website/poster/large/sridevi-5126-14-09-2017-12-20-29.jpg
Romeo Akbar Walter,Robbie Grewal,//in.bmscdn.com/iedb/artist/images/website/poster/large/robby-grewal-1894-03-04-2019-04-21-55.jpg
Romeo Akbar Walter,John Abraham,//in.bmscdn.com/iedb/artist/images/website/poster/large/john_abraham_1017_29-07-2016_12-22-37.jpg
Romeo Akbar Walter,Mouni Roy,//in.bmscdn.com/iedb/artist/images/website/poster/large/mouni-roy-19534-03-11-2016-05-51-29.jpg
Romeo Akbar Walter,Jackie Shroff,//in.bmscdn.com/iedb/artist/images/website/poster/large/jackie-shroff-882-19-09-2017-05-13-08.jpg
Romeo Akbar Walter,Sikander Kher,//in.bmscdn.com/iedb/artist/images/website/poster/large/sikander-kher-2170-24-03-2017-17-42-56.jpg
Shazam!,David F. Sandberg,//in.bmscdn.com/iedb/artist/images/website/poster/large/david-f.-sandberg-1064737-24-03-2017-16-24-02.jpg
Shazam!,Zachary Levi,//in.bmscdn.com/iedb/artist/images/website/poster/large/zachary-levi-21093-01-04-2019-12-06-13.jpg
Shazam!,Mark Strong,//in.bmscdn.com/iedb/artist/images/website/poster/large/mark-strong-1396-24-03-2017-12-35-24.jpg
Shazam!,Jack Dylan Grazer,//in.bmscdn.com/iedb/artist/images/website/poster/large/jack-dylan-grazer-1076910-06-09-2017-16-46-01.jpg
Shazam!,Grace Fulton,//in.bmscdn.com/iedb/artist/images/website/poster/large/grace-fulton-1076880-14-08-2017-14-32-07.jpg
Kesari,Anurag Singh,//in.bmscdn.com/iedb/artist/images/website/poster/large/anurag-singh-216-12-06-2017-12-49-57.jpg
Kesari,Akshay Kumar,//in.bmscdn.com/iedb/artist/images/website/poster/large/akshay-kumar-94-20-12-2017-04-36-47.jpg
Kesari,Parineeti Chopra,//in.bmscdn.com/iedb/artist/images/website/poster/large/parineeti-chopra-25380-09-05-2017-15-33-42.jpg
Kesari,Edward Sonnenblick,//in.bmscdn.com/iedb/artist/images/website/poster/large/edward-sonnenblick-1067365-19-03-2019-11-18-32.jpg
Kesari,Mark Bennington,//in.bmscdn.com/iedb/artist/images/website/poster/large/mark-bennington-1054905-01-06-2018-12-42-11.jpg
Dumbo,Tim Burton,//in.bmscdn.com/iedb/artist/images/website/poster/large/tim-burton-5097-12-09-2017-05-59-20.jpg
Dumbo,Eva Green,//in.bmscdn.com/iedb/artist/images/website/poster/large/eva-green-662-26-10-2016-06-39-51.jpg
Dumbo,Colin Farrell,//in.bmscdn.com/iedb/artist/images/website/poster/large/colin-farrell-468-24-03-2017-13-52-20.jpg
Dumbo,Michael Keaton,//in.bmscdn.com/iedb/artist/images/website/poster/large/michael-keaton-18096-24-03-2017-12-37-16.jpg
Dumbo,Danny DeVito,//in.bmscdn.com/iedb/artist/images/website/poster/large/danny-devito-28777-26-03-2019-11-51-38.jpg
Badla,Sujoy Ghosh,//in.bmscdn.com/iedb/artist/images/website/poster/large/sujoy-ghosh-10920-19-09-2017-02-06-52.jpg
Badla,Amitabh Bachchan,//in.bmscdn.com/iedb/artist/images/website/poster/large/amitabh-bachchan-138-12-09-2017-02-34-37.jpg
Badla,Taapsee Pannu,//in.bmscdn.com/iedb/artist/images/website/poster/large/taapsee-pannu-20499-13-09-2016-04-24-05.jpg
Badla,Amrita Singh,//in.bmscdn.com/iedb/artist/images/website/poster/large/amrita-singh-8345-22-08-2016-01-55-37.jpg
Badla,Manav Kaul,//in.bmscdn.com/iedb/artist/images/website/poster/large/manav-kaul-1345-03-11-2017-02-59-06.jpg
Junglee,Chuck Russell,//in.bmscdn.com/iedb/artist/images/website/poster/large/chuck-russell-14046-13-11-2017-04-30-22.jpg
Junglee,Vidyut Jammwal,//in.bmscdn.com/iedb/artist/images/website/poster/large/vidyut-jamwal-30657-24-03-2017-13-55-31.jpg
Junglee,Makarand Deshpande,//in.bmscdn.com/iedb/artist/images/website/poster/large/makarand-deshpande-1063244-22-11-2016-02-14-45.jpg
Junglee,Atul Kulkarni,//in.bmscdn.com/iedb/artist/images/website/poster/large/atul-kulkarni-261-21-09-2017-11-24-17.jpg
Junglee,Pooja Sawant,//in.bmscdn.com/iedb/artist/images/website/poster/large/pooja-sawant-16967-24-03-2017-15-38-25.jpg
Lucifer ,Prithviraj Sukumaran,//in.bmscdn.com/iedb/artist/images/website/poster/large/prithviraj-sukumaran-31501-16-09-2017-05-40-22.jpg
Lucifer ,Mohanlal,//in.bmscdn.com/iedb/artist/images/website/poster/large/mohanlal-1502-24-03-2017-12-30-59.jpg
Lucifer ,Vivek Oberoi,//in.bmscdn.com/iedb/artist/images/website/poster/large/vivek-oberoi-2511-19-09-2017-05-19-17.jpg
Lucifer ,Manju Warrier,//in.bmscdn.com/iedb/artist/images/website/poster/large/manju-warrier-1045703-24-03-2017-18-01-42.jpg
Lucifer ,Tovino Thomas,//in.bmscdn.com/iedb/artist/images/website/poster/large/tovino-thomas-37628-25-07-2018-06-42-03.jpg
Chaal Jeevi Laiye,Vipul Mehta,//in.bmscdn.com/iedb/artist/images/website/poster/large/vipul-mehta-9197-14-11-2016-09-26-50.jpg
Chaal Jeevi Laiye,Siddharth Randeria,//in.bmscdn.com/iedb/artist/images/website/poster/large/siddharth-randeria-6018-24-03-2017-15-47-19.jpg
Chaal Jeevi Laiye,Yash Soni,//in.bmscdn.com/iedb/artist/images/website/poster/large/yash-soni-35288-18-09-2016-01-09-49.jpg
Chaal Jeevi Laiye,Aarohi Patel,//in.bmscdn.com/iedb/artist/images/website/poster/large/aarohi-patel-1057489-17-01-2019-03-47-43.jpg
Chaal Jeevi Laiye,Jagesh Mukati,//in.bmscdn.com/iedb/artist/images/website/poster/large/jagesh-mukati-6023-17-01-2019-03-50-56.jpg
How To Train Your Dragon: The Hidden World,Dean DeBlois,//in.bmscdn.com/iedb/artist/images/website/poster/large/dean-deblois-16897-18-03-2019-03-19-53.jpg
How To Train Your Dragon: The Hidden World,Kristen Wiig,//in.bmscdn.com/iedb/artist/images/website/poster/large/kristen-wiig-9007-24-03-2017-12-36-08.jpg
How To Train Your Dragon: The Hidden World,Gerard Butler,//in.bmscdn.com/iedb/artist/images/website/poster/large/gerard-butler-740-24-03-2017-13-51-07.jpg
How To Train Your Dragon: The Hidden World,Jonah Hill,//in.bmscdn.com/iedb/artist/images/website/poster/large/jonah-hill-2778-24-03-2017-13-52-16.jpg
How To Train Your Dragon: The Hidden World,Cate Blanchett,//in.bmscdn.com/iedb/artist/images/website/poster/large/cate-blanchett-394-24-03-2017-12-31-20.jpg
Captain Marvel,Anna Boden,//in.bmscdn.com/iedb/artist/images/website/poster/large/anna-boden-iein012901-24-03-2017-15-26-19.jpg
Captain Marvel,Brie Larson,//in.bmscdn.com/iedb/artist/images/website/poster/large/brie-larson-28222-24-03-2017-13-54-03.jpg
Captain Marvel,Samuel L. Jackson,//in.bmscdn.com/iedb/artist/images/website/poster/large/samuel-l.-jackson-2018-24-03-2017-12-37-08.jpg
Captain Marvel,Ben Mendelsohn,//in.bmscdn.com/iedb/artist/images/website/poster/large/ben-mendelsohn-31413-24-03-2017-16-02-28.jpg
Captain Marvel,Jude Law,//in.bmscdn.com/iedb/artist/images/website/poster/large/jude-law-1090-24-03-2017-13-00-56.jpg
Luka Chuppi,Laxman Utekar,//in.bmscdn.com/iedb/artist/images/website/poster/large/laxman-utekar-1044555-24-03-2017-17-38-52.jpg
Luka Chuppi,Kartik Aaryan,//in.bmscdn.com/iedb/artist/images/website/poster/large/kartik-aaryan-1045198-08-12-2017-06-34-11.jpg
Luka Chuppi,Kriti Sanon,//in.bmscdn.com/iedb/artist/images/website/poster/large/kriti-sanon-37438-15-09-2017-03-51-03.jpg
Luka Chuppi,Pankaj Tripathi,//in.bmscdn.com/iedb/artist/images/website/poster/large/pankaj-tripathi-29809-23-03-2017-02-54-29.jpg
Luka Chuppi,Vinay Pathak,//in.bmscdn.com/iedb/artist/images/website/poster/large/vinay-pathak-2483-24-03-2017-12-33-12.jpg
The Least Of These,Aneesh Daniel,//in.bmscdn.com/iedb/artist/images/website/poster/large/aneesh-daniel-1266055-12-03-2019-04-14-38.jpg
The Least Of These,Sharman Joshi,//in.bmscdn.com/iedb/artist/images/website/poster/large/sharman-joshi-2113-13-09-2017-03-49-45.jpg
The Least Of These,Aditi Chengappa,//in.bmscdn.com/iedb/artist/images/website/poster/large/aditi-chengappa-1050747-24-03-2017-14-23-29.jpg
The Least Of These,Stephen Baldwin,//in.bmscdn.com/iedb/artist/images/website/poster/large/stephen-baldwin-iein002349-24-03-2017-12-42-26.jpg
The Least Of These,Prakash Belawadi,//in.bmscdn.com/iedb/artist/images/website/poster/large/prakash-belawadi-19327-24-03-2017-14-34-41.jpg
Majili,Shiva Nirvana,//in.bmscdn.com/iedb/artist/images/website/poster/large/shiva-nirvana-1263986-03-04-2019-13-05-24.jpg
Majili,Naga Chaitanya Akkineni,//in.bmscdn.com/iedb/artist/images/website/poster/large/naga-chaitanya-akkineni-13567-19-09-2017-01-43-19.jpg
Majili,Samantha Akkineni,//in.bmscdn.com/iedb/artist/images/website/poster/large/samantha-ruth-prabhu-36761-19-09-2017-09-44-58.jpg
Majili,Mani Kiran Reddy,//in.bmscdn.com/Artist/1070784.jpg
Majili,Posani Krishna Murali,//in.bmscdn.com/iedb/artist/images/website/poster/large/posani-krishna-murali-9722-24-03-2017-17-41-52.jpg
Mera Naam Shaji,Nadirshah,//in.bmscdn.com/iedb/artist/images/website/poster/large/nadirshah-1059833-04-04-2019-02-37-41.jpg
Mera Naam Shaji,Asif Ali,//in.bmscdn.com/iedb/artist/images/website/poster/large/asif-ali-13839-24-03-2017-18-01-40.jpg
Mera Naam Shaji,Biju Menon,//in.bmscdn.com/iedb/artist/images/website/poster/large/biju-menon-321-18-04-2017-06-18-58.jpg
Mera Naam Shaji,Dharmajan Bolgatty,//in.bmscdn.com/iedb/artist/images/website/poster/large/dharmajan-bolgatty-1049226-24-03-2017-17-45-42.jpg
Mera Naam Shaji,Sreenivasan,//in.bmscdn.com/iedb/artist/images/website/poster/large/sreenivasan-2214-04-04-2019-10-40-59.jpg
Fighting with My Family,Stephen Merchant,//in.bmscdn.com/iedb/artist/images/website/poster/large/stephen-merchant-21545-24-03-2017-13-55-19.jpg
Fighting with My Family,Dwayne Johnson,//in.bmscdn.com/iedb/artist/images/website/poster/large/dwayne-johnson-4011-22-12-2017-10-20-28.jpg
Fighting with My Family,Florence Pugh,//in.bmscdn.com/iedb/artist/images/website/poster/large/florence-pugh-1080099-29-06-2017-00-03-48.jpg
Fighting with My Family,Lena Headey,//in.bmscdn.com/iedb/artist/images/website/poster/large/lena-headey-1272-24-03-2017-12-33-23.jpg
Fighting with My Family,Nick Frost,//in.bmscdn.com/iedb/artist/images/website/poster/large/nick-frost-23923-08-03-2018-11-53-39.jpg
Bhobishyoter Bhoot,Anik Dutta,//in.bmscdn.com/iedb/artist/images/website/poster/large/anik-dutta-28869-24-03-2017-15-40-32.jpg
Bhobishyoter Bhoot,Sabyasachi Chakraborty,//in.bmscdn.com/iedb/artist/images/website/poster/large/sabyasachi-chakraborty-1058860-24-03-2017-12-39-12.jpg
Bhobishyoter Bhoot,Chandrayee Ghosh,//in.bmscdn.com/iedb/artist/images/website/poster/large/chandrayee-ghosh-39839-14-02-2018-04-38-19.jpg
Bhobishyoter Bhoot,Moon Moon Sen,//in.bmscdn.com/iedb/artist/images/website/poster/large/moon-moon-sen-1512-12-07-2018-11-10-40.jpg
Bhobishyoter Bhoot,Koushik Sen,//in.bmscdn.com/iedb/artist/images/website/poster/large/koushik-sen-13653-24-03-2017-15-53-14.jpg
Us,Jordan Peele,//in.bmscdn.com/iedb/artist/images/website/poster/large/jordan-peele-1061107-24-03-2017-17-36-43.jpg
Us,Lupita Nyong'o,//in.bmscdn.com/iedb/artist/images/website/poster/large/lupita-nyong-o-1050767-24-03-2017-17-42-32.jpg
Us,Elisabeth Moss,//in.bmscdn.com/iedb/artist/images/website/poster/large/elisabeth-moss-15813-13-03-2018-06-29-34.jpg
Us,Winston Duke,//in.bmscdn.com/iedb/artist/images/website/poster/large/winston-duke-1266835-27-03-2019-05-47-48.jpg
Us,Tim Heidecker,//in.bmscdn.com/iedb/artist/images/website/poster/large/tim-heidecker-28559-24-03-2017-16-00-46.jpg
Total Dhamaal,Indra Kumar,//in.bmscdn.com/iedb/artist/images/website/poster/large/indra-kumar-851-24-03-2017-17-41-37.jpg
Total Dhamaal,Ajay Devgn,//in.bmscdn.com/iedb/artist/images/website/poster/large/ajay-devgn-24051-12-09-2017-04-41-13.jpg
Total Dhamaal,Anil Kapoor,//in.bmscdn.com/iedb/artist/images/website/poster/large/anil-kapoor-176-12-09-2017-07-42-36.jpg
Total Dhamaal,Madhuri Dixit,//in.bmscdn.com/iedb/artist/images/website/poster/large/madhuri-dixit-1318-29-09-2016-01-48-46.jpg
Total Dhamaal,Riteish Deshmukh,//in.bmscdn.com/iedb/artist/images/website/poster/large/riteish-deshmukh-25378-13-09-2017-04-40-50.jpg
Hellboy,Neil Marshall,//in.bmscdn.com/iedb/artist/images/website/poster/large/neil-marshall-12000-09-04-2019-13-41-35.jpg
Hellboy,David Harbour,//in.bmscdn.com/iedb/artist/images/website/poster/large/david-harbour-27559-09-04-2019-13-26-09.jpg
Hellboy,Milla Jovovich,//in.bmscdn.com/iedb/artist/images/website/poster/large/milla-jovovich-2767-24-03-2017-12-44-33.jpg
Hellboy,Ian McShane,//in.bmscdn.com/iedb/artist/images/website/poster/large/ian-mcshane-843-24-03-2017-12-47-47.jpg
Hellboy,Brian Gleeson,//in.bmscdn.com/iedb/artist/images/website/poster/large/brian-gleeson-1054473-24-03-2017-13-14-16.jpg
Phir Ussi Mod Par Talaq,Lekh Tandon,//in.bmscdn.com/iedb/artist/images/website/poster/large/lekh-tandon-iein010748-24-03-2017-15-01-02.jpg
Phir Ussi Mod Par Talaq,Kanika Bajpai,//in.bmscdn.com/Artist/1266216.jpg
Phir Ussi Mod Par Talaq,Kanwaljit Singh,//in.bmscdn.com/iedb/artist/images/website/poster/large/kanwaljit-singh-12997-24-03-2017-17-37-00.jpg
Phir Ussi Mod Par Talaq,Parmeet Sethi,//in.bmscdn.com/iedb/artist/images/website/poster/large/parmeet-sethi-9568-24-03-2017-12-40-24.jpg
Phir Ussi Mod Par Talaq,Govind Namdeo,//in.bmscdn.com/iedb/artist/images/website/poster/large/govind-namdev-763-24-03-2017-12-50-43.jpg
Saavat,Saurabh Sinha,//in.bmscdn.com/Artist/39689.jpg
Saavat,Smita Tambe,//in.bmscdn.com/iedb/artist/images/website/poster/large/smita-tambe-25157-23-10-2017-02-50-40.jpg
Saavat,Milind Shirole,//in.bmscdn.com/iedb/artist/images/website/poster/large/milind-shirole-1266549-19-03-2019-12-43-02.jpg
Saavat,Shwetambari,//in.bmscdn.com/iedb/artist/images/website/poster/large/shwetambari-1266556-19-03-2019-12-44-20.jpg
Saavat,Sanjivani Jadhav,//in.bmscdn.com/iedb/artist/images/website/poster/large/sanjivani-jadhav-6061-10-11-2017-02-54-06.jpg
Dilwale Dulhania Le Jayenge,Aditya Chopra,//in.bmscdn.com/iedb/artist/images/website/poster/large/aditya-chopra-70-19-09-2017-06-18-59.jpg
Dilwale Dulhania Le Jayenge,Shah Rukh Khan,//in.bmscdn.com/iedb/artist/images/website/poster/large/shah-rukh-khan-2092-12-09-2017-02-10-43.jpg
Dilwale Dulhania Le Jayenge,Kajol,//in.bmscdn.com/iedb/artist/images/website/poster/large/kajol-1130-20-09-2017-11-31-53.jpg
Dilwale Dulhania Le Jayenge,Amrish Puri,//in.bmscdn.com/iedb/artist/images/website/poster/large/amrish-puri-4574-24-03-2017-17-31-53.jpg
Dilwale Dulhania Le Jayenge,Farida Jalal,//in.bmscdn.com/iedb/artist/images/website/poster/large/farida-jalal-672-07-10-2017-01-22-53.jpg
Anandi Gopal,Sameer Vidwans,//in.bmscdn.com/iedb/artist/images/website/poster/large/sameer-vidwans-33379-24-03-2017-14-32-59.jpg
Anandi Gopal,Lalit Prabhakar,//in.bmscdn.com/iedb/artist/images/website/poster/large/lalit-prabhakar-1069608-15-05-2017-14-12-15.jpg
Anandi Gopal,Bhagyashree Milind,//in.bmscdn.com/iedb/artist/images/website/poster/large/bhagyashree-shankpal-1046892-13-02-2019-02-20-46.jpg
No Fathers in Kashmir,Ashvin Kumar,//in.bmscdn.com/Artist/29698.jpg
No Fathers in Kashmir,Kulbhushan Kharbanda,//in.bmscdn.com/iedb/artist/images/website/poster/large/kulbhushan-kharbanda-1236-24-03-2017-12-41-26.jpg
No Fathers in Kashmir,Soni Razdan,//in.bmscdn.com/iedb/artist/images/website/poster/large/soni-razdan-2196-24-03-2017-17-58-51.jpg
No Fathers in Kashmir,Ashvin Kumar,//in.bmscdn.com/Artist/29698.jpg
No Fathers in Kashmir,Maya Sarao,//in.bmscdn.com/Artist/1043104.jpg
Basu Paribar,Suman Ghosh,//in.bmscdn.com/iedb/artist/images/website/poster/large/suman-ghosh-2280-04-04-2019-08-04-43.jpg
Basu Paribar,Soumitra Chatterjee,//in.bmscdn.com/iedb/artist/images/website/poster/large/soumitra-chatterjee-2207-24-03-2017-12-39-11.jpg
Basu Paribar,Aparna Sen,//in.bmscdn.com/iedb/artist/images/website/poster/large/aparna-sen-219-24-03-2017-12-31-30.jpg
Basu Paribar,Rituparna Sengupta,//in.bmscdn.com/iedb/artist/images/website/poster/large/rituparna-sengupta-1886-24-03-2017-12-31-25.jpg
Basu Paribar,Saswata Chatterjee,//in.bmscdn.com/iedb/artist/images/website/poster/large/saswata-chatterjee-1054997-24-03-2017-12-31-23.jpg
Gully Boy,Zoya Akhtar,//in.bmscdn.com/iedb/artist/images/website/poster/large/zoya-akhtar-8899-24-03-2017-14-06-40.jpg
Gully Boy,Ranveer Singh,//in.bmscdn.com/iedb/artist/images/website/poster/large/ranveer_singh_19858_26-07-2016_04-59-37.jpg
Gully Boy,Alia Bhatt,//in.bmscdn.com/iedb/artist/images/website/poster/large/alia-bhatt-21065-13-09-2017-04-53-45.jpg
Gully Boy,Kalki Koechlin,//in.bmscdn.com/iedb/artist/images/website/poster/large/kalki-koechlin-6435-20-09-2017-01-07-33.jpg
Gully Boy,Siddhant Chaturvedi,//in.bmscdn.com/iedb/artist/images/website/poster/large/siddhant-chaturvedi-1265514-12-02-2019-11-07-57.jpg
Notebook,Nitin Kakkar,//in.bmscdn.com/iedb/artist/images/website/poster/large/nitin-kakkar-35618-12-09-2018-02-44-49.jpg
Notebook,Zaheer Iqbal,//in.bmscdn.com/iedb/artist/images/website/poster/large/zaheer-iqbal-1264377-23-02-2019-10-20-09.jpg
Notebook,Pranutan Bahl,//in.bmscdn.com/iedb/artist/images/website/poster/large/pranutan-bahl-1264376-23-02-2019-10-21-54.jpg
Uriyadi 2,Vijay Kumar,//in.bmscdn.com/iedb/artist/images/website/poster/large/vijay-kumar-2464-05-04-2019-10-47-39.jpg
Uriyadi 2,Vijay Kumar,//in.bmscdn.com/iedb/artist/images/website/poster/large/vijay-kumar-2464-05-04-2019-10-47-39.jpg
Uriyadi 2,Mr.  Sudhakar,//in.bmscdn.com/iedb/artist/images/website/poster/large/mr-sudhakar-1267116-05-04-2019-10-54-08.jpg
Uriyadi 2,Vismaya,//in.bmscdn.com/Artist/1267099.jpg
Kuppathu Raja,Baba Bhaskar,//in.bmscdn.com/iedb/artist/images/website/poster/large/baba-bhaskar-iein017091-24-03-2017-15-41-31.jpg
Kuppathu Raja,G. V. Prakash Kumar,//in.bmscdn.com/iedb/artist/images/website/poster/large/g.-v.-prakash-kumar-3973-24-03-2017-12-40-09.jpg
Kuppathu Raja,Poonam Bajwa,//in.bmscdn.com/iedb/artist/images/website/poster/large/poonam-bajwa-1707-24-03-2017-14-06-23.jpg
Kuppathu Raja,Parthiban,//in.bmscdn.com/iedb/artist/images/website/poster/large/parthiban-26794-24-03-2017-17-32-56.jpg
Kuppathu Raja,Yogi Babu,//in.bmscdn.com/iedb/artist/images/website/poster/large/yogi-babu-1055754-24-03-2017-16-16-46.jpg
Mard Ko Dard Nahi Hota,Vasan Bala,//in.bmscdn.com/iedb/artist/images/website/poster/large/vasan-bala-1055943-24-03-2017-14-35-04.jpg
Mard Ko Dard Nahi Hota,Abhimanyu Dasani,//in.bmscdn.com/iedb/artist/images/website/poster/large/abhimanyu-dassani-1262107-22-11-2018-11-11-31.jpg
Mard Ko Dard Nahi Hota,Radhika Madan,//in.bmscdn.com/iedb/artist/images/website/poster/large/radhika-madan-1093843-02-07-2018-02-05-47.jpg
Mard Ko Dard Nahi Hota,Gulshan Devaiah,//in.bmscdn.com/iedb/artist/images/website/poster/large/gulshan-devaiah-13831-20-12-2017-02-46-39.jpg
Mard Ko Dard Nahi Hota,Mahesh Manjrekar,//in.bmscdn.com/iedb/artist/images/website/poster/large/mahesh-manjrekar-1327-18-09-2017-06-14-35.jpg
Five Feet Apart ,Justin Baldoni,//in.bmscdn.com/iedb/artist/images/website/poster/large/justin-baldoni-iein102751-29-03-2019-12-26-55.jpg
Five Feet Apart ,Haley Lu Richardson,//in.bmscdn.com/iedb/artist/images/website/poster/large/haley-lu-richardson-1072200-24-03-2017-13-15-36.jpg
Five Feet Apart ,Cole Sprouse,//in.bmscdn.com/iedb/artist/images/website/poster/large/cole-sprouse-1266372-14-03-2019-10-49-45.jpg
Five Feet Apart ,Claire Forlani,//in.bmscdn.com/iedb/artist/images/website/poster/large/claire-forlani-9446-29-03-2019-12-11-10.jpg
Five Feet Apart ,Moises Arias,//in.bmscdn.com/iedb/artist/images/website/poster/large/moises-arias-7082-13-06-2017-17-01-11.jpg
Wonder Park,David Feiss,//in.bmscdn.com/iedb/artist/images/website/poster/large/david-feiss-1266249-11-03-2019-01-50-25.jpg
Dhumas,Shivaji Doltade,//in.bmscdn.com/iedb/artist/images/website/poster/large/shivaji-doltade-38787-04-04-2019-12-16-47.jpg
Dhumas,Krutika Gaikwad,//in.bmscdn.com/iedb/artist/images/website/poster/large/krutika-gaikwad-1049501-13-09-2017-09-37-02.jpg
Dhumas,Vishal Nikam,//in.bmscdn.com/iedb/artist/images/website/poster/large/vishal-nikam-1093802-12-07-2018-12-53-32.jpg
Dhumas,Sakshi Chaudhary,//in.bmscdn.com/iedb/artist/images/website/poster/large/sakshi-chaudhary-39353-24-03-2017-17-50-38.jpg
Dhumas,Bharat Ganeshpure,//in.bmscdn.com/iedb/artist/images/website/poster/large/bharat-ganeshpure-17322-24-03-2017-15-42-50.jpg
Kavacha,GVR Vasu,//in.bmscdn.com/iedb/artist/images/website/poster/large/gvr-vasu-1094119-17-12-2018-04-44-19.jpg
Kavacha,Dr. Shiva Rajkumar,//in.bmscdn.com/iedb/artist/images/website/poster/large/shiva-rajkumar-15132-17-12-2018-03-19-52.jpg
Kavacha,Isha Koppikar,//in.bmscdn.com/iedb/artist/images/website/poster/large/isha-koppikar-865-07-05-2017-15-13-26.jpg
Kavacha,Vasishta N. Simha,//in.bmscdn.com/iedb/artist/images/website/poster/large/vasishta-n.-simha-30413-24-03-2017-16-02-11.jpg
Kavacha,Kruthika Jayakumar,//in.bmscdn.com/iedb/artist/images/website/poster/large/kruthika-jayakumar-1052783-24-03-2017-17-50-04.jpg
The Tashkent Files,Vivek Agnihotri,//in.bmscdn.com/iedb/artist/images/website/poster/large/vivek-agnihotri-2509-19-09-2017-01-48-41.jpg
The Tashkent Files,Naseeruddin Shah,//in.bmscdn.com/iedb/artist/images/website/poster/large/naseeruddin-shah-1554-24-03-2017-12-31-15.jpg
The Tashkent Files,Mithun Chakraborty,//in.bmscdn.com/iedb/artist/images/website/poster/large/mithun-chakraborty-1493-24-03-2017-12-31-13.jpg
The Tashkent Files,Pankaj Tripathi,//in.bmscdn.com/iedb/artist/images/website/poster/large/pankaj-tripathi-29809-23-03-2017-02-54-29.jpg
The Tashkent Files,Mandira Bedi,//in.bmscdn.com/iedb/artist/images/website/poster/large/mandira_bedi_1347_20-07-2016_04-05-57.jpg
Madhuraraja,Vysakh,//in.bmscdn.com/iedb/artist/images/website/poster/large/vysakh-17302-24-03-2017-17-42-04.jpg
Madhuraraja,Mammootty,//in.bmscdn.com/iedb/artist/images/website/poster/large/mammootty_1340_29-07-2016_11-43-24.jpg
Madhuraraja,Jai,//in.bmscdn.com/iedb/artist/images/website/poster/large/jai-5803-16-09-2017-04-01-53.jpg
Madhuraraja,Vijayaraghavan,//in.bmscdn.com/iedb/artist/images/website/poster/large/vijayaraghavan-2469-18-04-2017-16-16-24.jpg
Madhuraraja,Nedumudi Venu,//in.bmscdn.com/iedb/artist/images/website/poster/large/nedumudi-venu-1574-24-03-2017-12-45-37.jpg
Menka Urvashi,Machindra Chate,//in.bmscdn.com/iedb/artist/images/website/poster/large/machindra-chate-5819-22-06-2018-11-14-08.jpg
Menka Urvashi,Abhay Rane,//in.bmscdn.com/iedb/artist/images/website/poster/large/abhay-rane-1093576-22-06-2018-12-07-11.jpg
Menka Urvashi,Anuradha Rajadhyaksha,//in.bmscdn.com/iedb/artist/images/website/poster/large/anuradha-rajadhyaksha-iein082414-17-08-2018-17-17-54.jpg
Menka Urvashi,Ashok Shinde,//in.bmscdn.com/iedb/artist/images/website/poster/large/ashok-shinde-247-24-03-2017-13-04-38.jpg
Marvel Movie Marathon,N/A,N/A
Marvel Movie Marathon,Chris Evans,//in.bmscdn.com/iedb/artist/images/website/poster/large/chris-evans-430-22-12-2017-10-13-37.jpg
Marvel Movie Marathon,Robert Downey Jr.,//in.bmscdn.com/iedb/artist/images/website/poster/large/robert-downey-jr-1902-17-12-2018-02-26-59.jpg
Marvel Movie Marathon,Scarlett Johansson,//in.bmscdn.com/iedb/artist/images/website/poster/large/scarlett-johansson-2067-22-12-2017-09-56-57.jpg
Super Deluxe,Thiagarajan Kumararaja,//in.bmscdn.com/iedb/artist/images/website/poster/large/thiagarajan-kumararaja-24366-24-03-2017-15-58-31.jpg
Super Deluxe,Vijay Sethupathi,//in.bmscdn.com/iedb/artist/images/website/poster/large/vijay-sethupathi-32355-16-09-2017-03-30-38.jpg
Super Deluxe,Fahadh Faasil,//in.bmscdn.com/iedb/artist/images/website/poster/large/fahadh-faasil-37756-24-03-2017-17-27-27.jpg
Super Deluxe,Samantha Akkineni,//in.bmscdn.com/iedb/artist/images/website/poster/large/samantha-ruth-prabhu-36761-19-09-2017-09-44-58.jpg
Super Deluxe,Mysskin,//in.bmscdn.com/iedb/artist/images/website/poster/large/mysskin-5038-24-03-2017-14-02-47.jpg
Yaara Ve,Rakesh Mehta,//in.bmscdn.com/iedb/artist/images/website/poster/large/rakesh-mehta-29100-24-03-2017-16-00-55.jpg
Yaara Ve,Monica Gill,//in.bmscdn.com/iedb/artist/images/website/poster/large/monica-gill-1065943-24-03-2017-16-25-52.jpg
Yaara Ve,Yuvraj Hans,//in.bmscdn.com/iedb/artist/images/website/poster/large/yuvraj-hans-26125-24-03-2017-18-02-07.jpg
Yaara Ve,Raghveer Boli,//in.bmscdn.com/Artist/1048853.jpg
Yaara Ve,Raghveer Boli,//in.bmscdn.com/Artist/1048853.jpg
Kahi Kshan Premache,Dr. Raj Mane,//in.bmscdn.com/iedb/artist/images/website/poster/large/dr-raj-mane-42282-20-03-2019-12-01-22.jpg
Kahi Kshan Premache,Subodh Bhave,//in.bmscdn.com/iedb/artist/images/website/poster/large/subodh-bhave-2260-28-08-2018-11-45-45.jpg
Kahi Kshan Premache,Bhargavi Chirmule,//in.bmscdn.com/iedb/artist/images/website/poster/large/bhargavi-chirmule-19809-24-03-2017-12-31-44.jpg
Kahi Kshan Premache,Viju Khote,//in.bmscdn.com/iedb/artist/images/website/poster/large/viju-khote-2471-24-03-2017-17-42-57.jpg
Kahi Kshan Premache,Jayraj Nair,//in.bmscdn.com/iedb/artist/images/website/poster/large/jayraj-nair-16961-20-03-2019-11-57-31.jpg
Wedding Cha Shinema,Saleel Kulkarni,//in.bmscdn.com/iedb/artist/images/website/poster/large/saleel-kulkarni-17300-24-03-2017-15-40-22.jpg
Wedding Cha Shinema,Mukta Barve,//in.bmscdn.com/iedb/artist/images/website/poster/large/mukta-barve-3577-24-03-2017-12-31-46.jpg
Wedding Cha Shinema,Bhau Kadam,//in.bmscdn.com/iedb/artist/images/website/poster/large/bhau-kadam-1069241-04-01-2019-06-32-07.jpg
Wedding Cha Shinema,Shivaji Satam,//in.bmscdn.com/iedb/artist/images/website/poster/large/shivaji-satam-2146-20-09-2017-01-34-46.jpg
Wedding Cha Shinema,Alka Kubal,//in.bmscdn.com/iedb/artist/images/website/poster/large/alka-kubal-1046072-24-03-2017-12-39-48.jpg
Raja,N/A,N/A
Raja,Pawan Singh,//in.bmscdn.com/Artist/15160.jpg
Pet Sematary,Kevin Kolsch,//in.bmscdn.com/Artist/IEIN022025.jpg
Pet Sematary,Jason Clarke,//in.bmscdn.com/iedb/artist/images/website/poster/large/jason-clarke-8752-24-03-2017-13-03-42.jpg
Pet Sematary,John Lithgow,//in.bmscdn.com/iedb/artist/images/website/poster/large/john-lithgow-10956-07-12-2017-10-36-24.jpg
Pet Sematary,Amy Seimetz,//in.bmscdn.com/iedb/artist/images/website/poster/large/amy-seimetz-36866-24-03-2017-13-49-43.jpg
Manje Bistre 2 ,Baljit Singh Deo,//in.bmscdn.com/iedb/artist/images/website/poster/large/baljit-singh-deo-10632-24-03-2017-17-41-33.jpg
Manje Bistre 2 ,Gippy Grewal,//in.bmscdn.com/iedb/artist/images/website/poster/large/gippy-grewal-18404-24-03-2017-17-27-14.jpg
Manje Bistre 2 ,Simi Chahal,//in.bmscdn.com/iedb/artist/images/website/poster/large/simi-chahal-1071688-24-03-2017-13-15-11.jpg
Manje Bistre 2 ,Gurpreet Ghuggi,//in.bmscdn.com/iedb/artist/images/website/poster/large/gurpreet_ghuggi_1057292_17-08-2016_02-42-42.jpg
Manje Bistre 2 ,Karamjit Anmol,//in.bmscdn.com/iedb/artist/images/website/poster/large/karamjit-anmol-15191-04-10-2017-01-57-24.jpg
Woh Ban Gaya Killer,Dinesh Makwana,//in.bmscdn.com/Artist/1087973.jpg
Woh Ban Gaya Killer,Dharmesh Makwana,//in.bmscdn.com/Artist/1087969.jpg
Woh Ban Gaya Killer,Kajal Patel,//in.bmscdn.com/Artist/1087972.jpg
Natpe Thunai,Parthiban Desingu,//in.bmscdn.com/iedb/artist/images/website/poster/large/parthiban-desingu-1266824-04-04-2019-06-58-18.jpg
Natpe Thunai,Hiphop Tamizha,//in.bmscdn.com/iedb/artist/images/website/poster/large/hiphop-tamizha-1052148-05-04-2019-11-57-48.jpg
Natpe Thunai,Pandiarajan,//in.bmscdn.com/iedb/artist/images/website/poster/large/pandiarajan-1051024-24-03-2017-12-44-49.jpg
Natpe Thunai,Kausalya,//in.bmscdn.com/iedb/artist/images/website/poster/large/kausalya-5829-04-04-2019-03-36-30.jpg
Natpe Thunai,Karu Pazhaniappan,//in.bmscdn.com/iedb/artist/images/website/poster/large/karu-pazhaniappan-iein003273-24-03-2017-12-48-04.jpg
Uriyadi 2,Vijay Kumar,//in.bmscdn.com/iedb/artist/images/website/poster/large/vijay-kumar-2464-05-04-2019-10-47-39.jpg
Uriyadi 2,Vijay Kumar,//in.bmscdn.com/iedb/artist/images/website/poster/large/vijay-kumar-2464-05-04-2019-10-47-39.jpg
Uriyadi 2,Mr.  Sudhakar,//in.bmscdn.com/iedb/artist/images/website/poster/large/mr-sudhakar-1267116-05-04-2019-10-54-08.jpg
Uriyadi 2,Vismaya,//in.bmscdn.com/Artist/1267099.jpg
Super Deluxe,Thiagarajan Kumararaja,//in.bmscdn.com/iedb/artist/images/website/poster/large/thiagarajan-kumararaja-24366-24-03-2017-15-58-31.jpg
Super Deluxe,Vijay Sethupathi,//in.bmscdn.com/iedb/artist/images/website/poster/large/vijay-sethupathi-32355-16-09-2017-03-30-38.jpg
Super Deluxe,Fahadh Faasil,//in.bmscdn.com/iedb/artist/images/website/poster/large/fahadh-faasil-37756-24-03-2017-17-27-27.jpg
Super Deluxe,Samantha Akkineni,//in.bmscdn.com/iedb/artist/images/website/poster/large/samantha-ruth-prabhu-36761-19-09-2017-09-44-58.jpg
Super Deluxe,Mysskin,//in.bmscdn.com/iedb/artist/images/website/poster/large/mysskin-5038-24-03-2017-14-02-47.jpg
Majili,Shiva Nirvana,//in.bmscdn.com/iedb/artist/images/website/poster/large/shiva-nirvana-1263986-03-04-2019-13-05-24.jpg
Majili,Naga Chaitanya Akkineni,//in.bmscdn.com/iedb/artist/images/website/poster/large/naga-chaitanya-akkineni-13567-19-09-2017-01-43-19.jpg
Majili,Samantha Akkineni,//in.bmscdn.com/iedb/artist/images/website/poster/large/samantha-ruth-prabhu-36761-19-09-2017-09-44-58.jpg
Majili,Mani Kiran Reddy,//in.bmscdn.com/Artist/1070784.jpg
Majili,Posani Krishna Murali,//in.bmscdn.com/iedb/artist/images/website/poster/large/posani-krishna-murali-9722-24-03-2017-17-41-52.jpg
Shazam!,David F. Sandberg,//in.bmscdn.com/iedb/artist/images/website/poster/large/david-f.-sandberg-1064737-24-03-2017-16-24-02.jpg
Shazam!,Zachary Levi,//in.bmscdn.com/iedb/artist/images/website/poster/large/zachary-levi-21093-01-04-2019-12-06-13.jpg
Shazam!,Mark Strong,//in.bmscdn.com/iedb/artist/images/website/poster/large/mark-strong-1396-24-03-2017-12-35-24.jpg
Shazam!,Jack Dylan Grazer,//in.bmscdn.com/iedb/artist/images/website/poster/large/jack-dylan-grazer-1076910-06-09-2017-16-46-01.jpg
Shazam!,Grace Fulton,//in.bmscdn.com/iedb/artist/images/website/poster/large/grace-fulton-1076880-14-08-2017-14-32-07.jpg
Lucifer ,Prithviraj Sukumaran,//in.bmscdn.com/iedb/artist/images/website/poster/large/prithviraj-sukumaran-31501-16-09-2017-05-40-22.jpg
Lucifer ,Mohanlal,//in.bmscdn.com/iedb/artist/images/website/poster/large/mohanlal-1502-24-03-2017-12-30-59.jpg
Lucifer ,Vivek Oberoi,//in.bmscdn.com/iedb/artist/images/website/poster/large/vivek-oberoi-2511-19-09-2017-05-19-17.jpg
Lucifer ,Manju Warrier,//in.bmscdn.com/iedb/artist/images/website/poster/large/manju-warrier-1045703-24-03-2017-18-01-42.jpg
Lucifer ,Tovino Thomas,//in.bmscdn.com/iedb/artist/images/website/poster/large/tovino-thomas-37628-25-07-2018-06-42-03.jpg
Dumbo,Tim Burton,//in.bmscdn.com/iedb/artist/images/website/poster/large/tim-burton-5097-12-09-2017-05-59-20.jpg
Dumbo,Eva Green,//in.bmscdn.com/iedb/artist/images/website/poster/large/eva-green-662-26-10-2016-06-39-51.jpg
Dumbo,Colin Farrell,//in.bmscdn.com/iedb/artist/images/website/poster/large/colin-farrell-468-24-03-2017-13-52-20.jpg
Dumbo,Michael Keaton,//in.bmscdn.com/iedb/artist/images/website/poster/large/michael-keaton-18096-24-03-2017-12-37-16.jpg
Dumbo,Danny DeVito,//in.bmscdn.com/iedb/artist/images/website/poster/large/danny-devito-28777-26-03-2019-11-51-38.jpg
Kuppathu Raja,Baba Bhaskar,//in.bmscdn.com/iedb/artist/images/website/poster/large/baba-bhaskar-iein017091-24-03-2017-15-41-31.jpg
Kuppathu Raja,G. V. Prakash Kumar,//in.bmscdn.com/iedb/artist/images/website/poster/large/g.-v.-prakash-kumar-3973-24-03-2017-12-40-09.jpg
Kuppathu Raja,Poonam Bajwa,//in.bmscdn.com/iedb/artist/images/website/poster/large/poonam-bajwa-1707-24-03-2017-14-06-23.jpg
Kuppathu Raja,Parthiban,//in.bmscdn.com/iedb/artist/images/website/poster/large/parthiban-26794-24-03-2017-17-32-56.jpg
Kuppathu Raja,Yogi Babu,//in.bmscdn.com/iedb/artist/images/website/poster/large/yogi-babu-1055754-24-03-2017-16-16-46.jpg
Madhuraraja,Vysakh,//in.bmscdn.com/iedb/artist/images/website/poster/large/vysakh-17302-24-03-2017-17-42-04.jpg
Madhuraraja,Mammootty,//in.bmscdn.com/iedb/artist/images/website/poster/large/mammootty_1340_29-07-2016_11-43-24.jpg
Madhuraraja,Jai,//in.bmscdn.com/iedb/artist/images/website/poster/large/jai-5803-16-09-2017-04-01-53.jpg
Madhuraraja,Vijayaraghavan,//in.bmscdn.com/iedb/artist/images/website/poster/large/vijayaraghavan-2469-18-04-2017-16-16-24.jpg
Madhuraraja,Nedumudi Venu,//in.bmscdn.com/iedb/artist/images/website/poster/large/nedumudi-venu-1574-24-03-2017-12-45-37.jpg
Watchman,A. L. Vijay,//in.bmscdn.com/iedb/artist/images/website/poster/large/a.-l.-vijay-1055185-24-03-2017-17-40-06.jpg
Watchman,G. V. Prakash Kumar,//in.bmscdn.com/iedb/artist/images/website/poster/large/g.-v.-prakash-kumar-3973-24-03-2017-12-40-09.jpg
Watchman,Samyuktha Hegde,//in.bmscdn.com/iedb/artist/images/website/poster/large/samyuktha-hedge-1076784-28-12-2016-12-19-27.jpg
Watchman,Yogi Babu,//in.bmscdn.com/iedb/artist/images/website/poster/large/yogi-babu-1055754-24-03-2017-16-16-46.jpg
Watchman,Raj Arjun,//in.bmscdn.com/iedb/artist/images/website/poster/large/raj-arjun-25546-01-09-2017-02-14-23.jpg
Romeo Akbar Walter,Robbie Grewal,//in.bmscdn.com/iedb/artist/images/website/poster/large/robby-grewal-1894-03-04-2019-04-21-55.jpg
Romeo Akbar Walter,John Abraham,//in.bmscdn.com/iedb/artist/images/website/poster/large/john_abraham_1017_29-07-2016_12-22-37.jpg
Romeo Akbar Walter,Mouni Roy,//in.bmscdn.com/iedb/artist/images/website/poster/large/mouni-roy-19534-03-11-2016-05-51-29.jpg
Romeo Akbar Walter,Jackie Shroff,//in.bmscdn.com/iedb/artist/images/website/poster/large/jackie-shroff-882-19-09-2017-05-13-08.jpg
Romeo Akbar Walter,Sikander Kher,//in.bmscdn.com/iedb/artist/images/website/poster/large/sikander-kher-2170-24-03-2017-17-42-56.jpg
Airaa,Sarjun KM,//in.bmscdn.com/iedb/artist/images/website/poster/large/sarjun-km-1086175-16-09-2017-12-07-40.jpg
Airaa,Nayanthara,//in.bmscdn.com/iedb/artist/images/website/poster/large/nayanthara-5143-24-03-2017-17-46-20.jpg
Airaa,Kalaiyarasan Harikrishnan,//in.bmscdn.com/iedb/artist/images/website/poster/large/kalaiyarasan-harikrishnan-1060606-24-03-2017-16-20-30.jpg
Airaa,Yogi Babu,//in.bmscdn.com/iedb/artist/images/website/poster/large/yogi-babu-1055754-24-03-2017-16-16-46.jpg
Airaa,Kulappulli Leela,//in.bmscdn.com/iedb/artist/images/website/poster/large/kulappulli-leela-1081271-29-03-2017-18-02-35.jpg
How To Train Your Dragon: The Hidden World,Dean DeBlois,//in.bmscdn.com/iedb/artist/images/website/poster/large/dean-deblois-16897-18-03-2019-03-19-53.jpg
How To Train Your Dragon: The Hidden World,Kristen Wiig,//in.bmscdn.com/iedb/artist/images/website/poster/large/kristen-wiig-9007-24-03-2017-12-36-08.jpg
How To Train Your Dragon: The Hidden World,Gerard Butler,//in.bmscdn.com/iedb/artist/images/website/poster/large/gerard-butler-740-24-03-2017-13-51-07.jpg
How To Train Your Dragon: The Hidden World,Jonah Hill,//in.bmscdn.com/iedb/artist/images/website/poster/large/jonah-hill-2778-24-03-2017-13-52-16.jpg
How To Train Your Dragon: The Hidden World,Cate Blanchett,//in.bmscdn.com/iedb/artist/images/website/poster/large/cate-blanchett-394-24-03-2017-12-31-20.jpg
Captain Marvel,Anna Boden,//in.bmscdn.com/iedb/artist/images/website/poster/large/anna-boden-iein012901-24-03-2017-15-26-19.jpg
Captain Marvel,Brie Larson,//in.bmscdn.com/iedb/artist/images/website/poster/large/brie-larson-28222-24-03-2017-13-54-03.jpg
Captain Marvel,Samuel L. Jackson,//in.bmscdn.com/iedb/artist/images/website/poster/large/samuel-l.-jackson-2018-24-03-2017-12-37-08.jpg
Captain Marvel,Ben Mendelsohn,//in.bmscdn.com/iedb/artist/images/website/poster/large/ben-mendelsohn-31413-24-03-2017-16-02-28.jpg
Captain Marvel,Jude Law,//in.bmscdn.com/iedb/artist/images/website/poster/large/jude-law-1090-24-03-2017-13-00-56.jpg
The Least Of These,Aneesh Daniel,//in.bmscdn.com/iedb/artist/images/website/poster/large/aneesh-daniel-1266055-12-03-2019-04-14-38.jpg
The Least Of These,Sharman Joshi,//in.bmscdn.com/iedb/artist/images/website/poster/large/sharman-joshi-2113-13-09-2017-03-49-45.jpg
The Least Of These,Aditi Chengappa,//in.bmscdn.com/iedb/artist/images/website/poster/large/aditi-chengappa-1050747-24-03-2017-14-23-29.jpg
The Least Of These,Stephen Baldwin,//in.bmscdn.com/iedb/artist/images/website/poster/large/stephen-baldwin-iein002349-24-03-2017-12-42-26.jpg
The Least Of These,Prakash Belawadi,//in.bmscdn.com/iedb/artist/images/website/poster/large/prakash-belawadi-19327-24-03-2017-14-34-41.jpg
Chitralahari,Kishore Tirumala,//in.bmscdn.com/iedb/artist/images/website/poster/large/kishore-tirumala-39354-24-03-2017-17-46-34.jpg
Chitralahari,Sai Dharam Tej,//in.bmscdn.com/iedb/artist/images/website/poster/large/sai-dharam-tej-29680-24-03-2017-17-46-32.jpg
Chitralahari,Kalyani Priyadarshan,//in.bmscdn.com/iedb/artist/images/website/poster/large/kalyani-priyadarshan-1087722-16-11-2017-04-27-00.jpg
Chitralahari,Nivetha Pethuraj,//in.bmscdn.com/iedb/artist/images/website/poster/large/nivetha-pethuraj-1061197-24-03-2017-16-20-58.jpg
Chitralahari,Brahmaji,//in.bmscdn.com/iedb/artist/images/website/poster/large/brahmaji-7392-24-03-2017-13-05-30.jpg
Hellboy,Neil Marshall,//in.bmscdn.com/iedb/artist/images/website/poster/large/neil-marshall-12000-09-04-2019-13-41-35.jpg
Hellboy,David Harbour,//in.bmscdn.com/iedb/artist/images/website/poster/large/david-harbour-27559-09-04-2019-13-26-09.jpg
Hellboy,Milla Jovovich,//in.bmscdn.com/iedb/artist/images/website/poster/large/milla-jovovich-2767-24-03-2017-12-44-33.jpg
Hellboy,Ian McShane,//in.bmscdn.com/iedb/artist/images/website/poster/large/ian-mcshane-843-24-03-2017-12-47-47.jpg
Hellboy,Brian Gleeson,//in.bmscdn.com/iedb/artist/images/website/poster/large/brian-gleeson-1054473-24-03-2017-13-14-16.jpg
Ispade Rajavum Idhaya Raniyum,Ranjit Jeyakodi,//in.bmscdn.com/iedb/artist/images/website/poster/large/ranjit-jeyakodi-1050432-24-03-2017-16-13-00.jpg
Ispade Rajavum Idhaya Raniyum,Harish Kalyan,//in.bmscdn.com/iedb/artist/images/website/poster/large/harish-kalyan-1047576-24-03-2017-12-50-47.jpg
Ispade Rajavum Idhaya Raniyum,Shilpa Manjunath,//in.bmscdn.com/iedb/artist/images/website/poster/large/shilpa-manjunath-1074069-27-08-2018-01-48-24.jpg
Ispade Rajavum Idhaya Raniyum,Ma Ka Pa Anand,//in.bmscdn.com/iedb/artist/images/website/poster/large/ma-ka-pa-anand-35930-24-03-2017-16-04-50.jpg
Kesari,Anurag Singh,//in.bmscdn.com/iedb/artist/images/website/poster/large/anurag-singh-216-12-06-2017-12-49-57.jpg
Kesari,Akshay Kumar,//in.bmscdn.com/iedb/artist/images/website/poster/large/akshay-kumar-94-20-12-2017-04-36-47.jpg
Kesari,Parineeti Chopra,//in.bmscdn.com/iedb/artist/images/website/poster/large/parineeti-chopra-25380-09-05-2017-15-33-42.jpg
Kesari,Edward Sonnenblick,//in.bmscdn.com/iedb/artist/images/website/poster/large/edward-sonnenblick-1067365-19-03-2019-11-18-32.jpg
Kesari,Mark Bennington,//in.bmscdn.com/iedb/artist/images/website/poster/large/mark-bennington-1054905-01-06-2018-12-42-11.jpg
The Tashkent Files,Vivek Agnihotri,//in.bmscdn.com/iedb/artist/images/website/poster/large/vivek-agnihotri-2509-19-09-2017-01-48-41.jpg
The Tashkent Files,Naseeruddin Shah,//in.bmscdn.com/iedb/artist/images/website/poster/large/naseeruddin-shah-1554-24-03-2017-12-31-15.jpg
The Tashkent Files,Mithun Chakraborty,//in.bmscdn.com/iedb/artist/images/website/poster/large/mithun-chakraborty-1493-24-03-2017-12-31-13.jpg
The Tashkent Files,Pankaj Tripathi,//in.bmscdn.com/iedb/artist/images/website/poster/large/pankaj-tripathi-29809-23-03-2017-02-54-29.jpg
The Tashkent Files,Mandira Bedi,//in.bmscdn.com/iedb/artist/images/website/poster/large/mandira_bedi_1347_20-07-2016_04-05-57.jpg
Mera Naam Shaji,Nadirshah,//in.bmscdn.com/iedb/artist/images/website/poster/large/nadirshah-1059833-04-04-2019-02-37-41.jpg
Mera Naam Shaji,Asif Ali,//in.bmscdn.com/iedb/artist/images/website/poster/large/asif-ali-13839-24-03-2017-18-01-40.jpg
Mera Naam Shaji,Biju Menon,//in.bmscdn.com/iedb/artist/images/website/poster/large/biju-menon-321-18-04-2017-06-18-58.jpg
Mera Naam Shaji,Dharmajan Bolgatty,//in.bmscdn.com/iedb/artist/images/website/poster/large/dharmajan-bolgatty-1049226-24-03-2017-17-45-42.jpg
Mera Naam Shaji,Sreenivasan,//in.bmscdn.com/iedb/artist/images/website/poster/large/sreenivasan-2214-04-04-2019-10-40-59.jpg
Badla,Sujoy Ghosh,//in.bmscdn.com/iedb/artist/images/website/poster/large/sujoy-ghosh-10920-19-09-2017-02-06-52.jpg
Badla,Amitabh Bachchan,//in.bmscdn.com/iedb/artist/images/website/poster/large/amitabh-bachchan-138-12-09-2017-02-34-37.jpg
Badla,Taapsee Pannu,//in.bmscdn.com/iedb/artist/images/website/poster/large/taapsee-pannu-20499-13-09-2016-04-24-05.jpg
Badla,Amrita Singh,//in.bmscdn.com/iedb/artist/images/website/poster/large/amrita-singh-8345-22-08-2016-01-55-37.jpg
Badla,Manav Kaul,//in.bmscdn.com/iedb/artist/images/website/poster/large/manav-kaul-1345-03-11-2017-02-59-06.jpg
Thadam,Magizh Thirumeni,//in.bmscdn.com/iedb/artist/images/website/poster/large/magizh-thirumeni-16784-24-03-2017-15-39-05.jpg
Thadam,Arun Vijay,//in.bmscdn.com/iedb/artist/images/website/poster/large/arun-vijay-3403-24-03-2017-12-48-10.jpg
Thadam,Tanya Hope,//in.bmscdn.com/iedb/artist/images/website/poster/large/tanya-hope-1072536-29-08-2018-02-48-48.jpg
Thadam,Yogi Babu,//in.bmscdn.com/iedb/artist/images/website/poster/large/yogi-babu-1055754-24-03-2017-16-16-46.jpg
Thadam,Vidya Pradeep,//in.bmscdn.com/iedb/artist/images/website/poster/large/vidya-pradeep-1058383-24-03-2017-16-19-03.jpg
Pet Sematary,Kevin Kolsch,//in.bmscdn.com/Artist/IEIN022025.jpg
Pet Sematary,Jason Clarke,//in.bmscdn.com/iedb/artist/images/website/poster/large/jason-clarke-8752-24-03-2017-13-03-42.jpg
Pet Sematary,John Lithgow,//in.bmscdn.com/iedb/artist/images/website/poster/large/john-lithgow-10956-07-12-2017-10-36-24.jpg
Pet Sematary,Amy Seimetz,//in.bmscdn.com/iedb/artist/images/website/poster/large/amy-seimetz-36866-24-03-2017-13-49-43.jpg
Us,Jordan Peele,//in.bmscdn.com/iedb/artist/images/website/poster/large/jordan-peele-1061107-24-03-2017-17-36-43.jpg
Us,Lupita Nyong'o,//in.bmscdn.com/iedb/artist/images/website/poster/large/lupita-nyong-o-1050767-24-03-2017-17-42-32.jpg
Us,Elisabeth Moss,//in.bmscdn.com/iedb/artist/images/website/poster/large/elisabeth-moss-15813-13-03-2018-06-29-34.jpg
Us,Winston Duke,//in.bmscdn.com/iedb/artist/images/website/poster/large/winston-duke-1266835-27-03-2019-05-47-48.jpg
Us,Tim Heidecker,//in.bmscdn.com/iedb/artist/images/website/poster/large/tim-heidecker-28559-24-03-2017-16-00-46.jpg
Gangs Of Madras,C.V. Kumar,//in.bmscdn.com/iedb/artist/images/website/poster/large/cv-kumar-1072678-14-12-2017-12-53-17.jpg
Gangs Of Madras,Daniel Balaji,//in.bmscdn.com/iedb/artist/images/website/poster/large/daniel-balaji-2890-24-03-2017-14-03-33.jpg
Gangs Of Madras,Kalaiarasan Harikrishnan,//in.bmscdn.com/iedb/artist/images/website/poster/large/kalaiarasan-harikrishnan-iein083233-18-05-2017-14-18-32.jpg
Gangs Of Madras,Bagavathi Perumal,//in.bmscdn.com/iedb/artist/images/website/poster/large/bagavathi-perumal-1057087-24-03-2017-14-38-56.jpg
Gangs Of Madras,Velu Prabhakaran,//in.bmscdn.com/iedb/artist/images/website/poster/large/velu-prabhakaran-13277-02-06-2017-14-56-44.jpg
LKG,Prabhu,//in.bmscdn.com/Artist/IEIN026553.jpg
LKG,RJ Balaji,//in.bmscdn.com/iedb/artist/images/website/poster/large/rj-balaji-1045159-24-03-2017-17-48-53.jpg
LKG,Priya Anand,//in.bmscdn.com/iedb/artist/images/website/poster/large/priya-anand-13077-24-03-2017-14-03-30.jpg
Gully Boy,Zoya Akhtar,//in.bmscdn.com/iedb/artist/images/website/poster/large/zoya-akhtar-8899-24-03-2017-14-06-40.jpg
Gully Boy,Ranveer Singh,//in.bmscdn.com/iedb/artist/images/website/poster/large/ranveer_singh_19858_26-07-2016_04-59-37.jpg
Gully Boy,Alia Bhatt,//in.bmscdn.com/iedb/artist/images/website/poster/large/alia-bhatt-21065-13-09-2017-04-53-45.jpg
Gully Boy,Kalki Koechlin,//in.bmscdn.com/iedb/artist/images/website/poster/large/kalki-koechlin-6435-20-09-2017-01-07-33.jpg
Gully Boy,Siddhant Chaturvedi,//in.bmscdn.com/iedb/artist/images/website/poster/large/siddhant-chaturvedi-1265514-12-02-2019-11-07-57.jpg
Avengers: Infinity War,Anthony Russo,//in.bmscdn.com/iedb/artist/images/website/poster/large/anthony-russo-201-24-03-2017-15-21-49.jpg
Avengers: Infinity War,Robert Downey Jr.,//in.bmscdn.com/iedb/artist/images/website/poster/large/robert-downey-jr-1902-17-12-2018-02-26-59.jpg
Avengers: Infinity War,Chris Hemsworth,//in.bmscdn.com/iedb/artist/images/website/poster/large/chris-hemsworth-24185-24-03-2017-12-37-46.jpg
Avengers: Infinity War,Mark Ruffalo,//in.bmscdn.com/iedb/artist/images/website/poster/large/mark-ruffalo-1393-03-11-2017-01-04-20.jpg
Avengers: Infinity War,Chris Evans,//in.bmscdn.com/iedb/artist/images/website/poster/large/chris-evans-430-22-12-2017-10-13-37.jpg
Lakshmi's NTR,Ram Gopal Varma,//in.bmscdn.com/iedb/artist/images/website/poster/large/ram-gopal-varma-1813-24-03-2017-12-29-16.jpg
Lakshmi's NTR,P Vijay Kumar,//in.bmscdn.com/Artist/IEIN081475.jpg
Lakshmi's NTR,Yagna Shetty,//in.bmscdn.com/iedb/artist/images/website/poster/large/yagna-shetty-13240-12-09-2017-03-47-27.jpg
Lakshmi's NTR,Rajsekhar Aningi,//in.bmscdn.com/Artist/1266833.jpg
90 ML,Anita Udeep,//in.bmscdn.com/Artist/184.jpg
90 ML,Oviya,//in.bmscdn.com/iedb/artist/images/website/poster/large/oviya-helen-24608-24-03-2017-14-02-31.jpg
90 ML,Anson Paul,//in.bmscdn.com/iedb/artist/images/website/poster/large/anson-paul-1061166-24-03-2017-13-15-36.jpg
Kavaludaari,Hemanth M Rao,//in.bmscdn.com/iedb/artist/images/website/poster/large/hemanth-m-rao-1069508-02-10-2017-01-10-07.jpg
Kavaludaari,Rishi,//in.bmscdn.com/iedb/artist/images/website/poster/large/rishi-1083785-27-06-2017-11-24-23.jpg
Kavaludaari,Anant Nag,//in.bmscdn.com/iedb/artist/images/website/poster/large/ananth-nag-2942-24-03-2017-18-01-32.jpg
Kavaludaari,Achyuth Kumar,//in.bmscdn.com/iedb/artist/images/website/poster/large/achyuth-kumar-19493-24-03-2017-18-01-48.jpg
Kavaludaari,Suman Ranganathan,//in.bmscdn.com/iedb/artist/images/website/poster/large/suman-ranganathan-2281-24-03-2017-12-44-07.jpg
Oru Kadhai Sollatuma,Prasad Prabhakar,//in.bmscdn.com/Artist/1266265.jpg
Oru Kadhai Sollatuma,Joy Mathew,//in.bmscdn.com/iedb/artist/images/website/poster/large/joy-mathew-34974-24-03-2017-17-54-12.jpg
Oru Kadhai Sollatuma,Resul Pookutty,//in.bmscdn.com/iedb/artist/images/website/poster/large/resul-pookutty-28578-24-03-2017-17-41-31.jpg
Kudimagan,Sathieshwaran,//in.bmscdn.com/iedb/artist/images/website/poster/large/sathieshwaran-1266958-05-04-2019-02-10-48.jpg
Kudimagan,Sriram Parthasarathy,//in.bmscdn.com/iedb/artist/images/website/poster/large/sriram-parthasarathy-1070615-18-04-2017-14-31-41.jpg
Kudimagan,Nanditha Jennifer,//in.bmscdn.com/iedb/artist/images/website/poster/large/nanditha-jennifer-1266957-05-04-2019-02-12-04.jpg
Fighting with My Family,Stephen Merchant,//in.bmscdn.com/iedb/artist/images/website/poster/large/stephen-merchant-21545-24-03-2017-13-55-19.jpg
Fighting with My Family,Dwayne Johnson,//in.bmscdn.com/iedb/artist/images/website/poster/large/dwayne-johnson-4011-22-12-2017-10-20-28.jpg
Fighting with My Family,Florence Pugh,//in.bmscdn.com/iedb/artist/images/website/poster/large/florence-pugh-1080099-29-06-2017-00-03-48.jpg
Fighting with My Family,Lena Headey,//in.bmscdn.com/iedb/artist/images/website/poster/large/lena-headey-1272-24-03-2017-12-33-23.jpg
Fighting with My Family,Nick Frost,//in.bmscdn.com/iedb/artist/images/website/poster/large/nick-frost-23923-08-03-2018-11-53-39.jpg
Boomerang,R Kannan,//in.bmscdn.com/iedb/artist/images/website/poster/large/r-kannan-iein003787-24-03-2017-12-51-49.jpg
Boomerang,Atharvaa Murali,//in.bmscdn.com/iedb/artist/images/website/poster/large/atharvaa-murali-28524-06-12-2017-01-13-48.jpg
Boomerang,Megha Akash,//in.bmscdn.com/iedb/artist/images/website/poster/large/megha-akash-1065098-28-06-2017-11-17-12.jpg
Boomerang,RJ Balaji,//in.bmscdn.com/iedb/artist/images/website/poster/large/rj-balaji-1045159-24-03-2017-17-48-53.jpg
Boomerang,Upen Patel,//in.bmscdn.com/iedb/artist/images/website/poster/large/upen-patel-2419-24-03-2017-14-02-43.jpg
Junglee,Chuck Russell,//in.bmscdn.com/iedb/artist/images/website/poster/large/chuck-russell-14046-13-11-2017-04-30-22.jpg
Junglee,Vidyut Jammwal,//in.bmscdn.com/iedb/artist/images/website/poster/large/vidyut-jamwal-30657-24-03-2017-13-55-31.jpg
Junglee,Makarand Deshpande,//in.bmscdn.com/iedb/artist/images/website/poster/large/makarand-deshpande-1063244-22-11-2016-02-14-45.jpg
Junglee,Atul Kulkarni,//in.bmscdn.com/iedb/artist/images/website/poster/large/atul-kulkarni-261-21-09-2017-11-24-17.jpg
Junglee,Pooja Sawant,//in.bmscdn.com/iedb/artist/images/website/poster/large/pooja-sawant-16967-24-03-2017-15-38-25.jpg
Rocky The Revenge,K C Bokadia,//in.bmscdn.com/iedb/artist/images/website/poster/large/k-c-bokadia-iein017253-24-03-2017-15-42-16.jpg
Rocky The Revenge,Eshanya Maheshwari,//in.bmscdn.com/iedb/artist/images/website/poster/large/eshanya-maheshwari-1060473-24-03-2017-16-20-20.jpg
Rocky The Revenge,Nassar,//in.bmscdn.com/iedb/artist/images/website/poster/large/nassar-8386-24-03-2017-18-02-06.jpg
Zhagaram,Mr. Krish,//in.bmscdn.com/Artist/1263987.jpg
Zhagaram,Eden Kuriakosse,//in.bmscdn.com/iedb/artist/images/website/poster/large/eden-kuriakosse-1065363-21-02-2018-06-51-01.jpg
Zhagaram,Nandha Durairaj,//in.bmscdn.com/iedb/artist/images/website/poster/large/nandha-durairaj-13991-24-03-2017-17-51-35.jpg
Argentina Fans Kaattoorkadavu,Midhun Manuel Thomas,//in.bmscdn.com/iedb/artist/images/website/poster/large/midhun-manuel-thomas-1050521-24-03-2017-17-45-35.jpg
Argentina Fans Kaattoorkadavu,Aishwarya Lekshmi,//in.bmscdn.com/iedb/artist/images/website/poster/large/aishwarya-lekshmi-1085670-21-12-2017-11-33-11.jpg
Argentina Fans Kaattoorkadavu,Kalidas Jayaram,//in.bmscdn.com/iedb/artist/images/website/poster/large/kalidas-jayaram-1065096-24-03-2017-16-24-18.jpg
Ganesha Meendum Santhipom,Ratheesh Erate,//in.bmscdn.com/iedb/artist/images/website/poster/large/ratheesh-erate-1264496-05-04-2019-01-33-44.jpg
Ganesha Meendum Santhipom,Prithvi Rajan,//in.bmscdn.com/iedb/artist/images/website/poster/large/prithvi-rajan-38704-13-09-2017-06-56-40.jpg
Ganesha Meendum Santhipom,Oviya,//in.bmscdn.com/iedb/artist/images/website/poster/large/oviya-helen-24608-24-03-2017-14-02-31.jpg
Ganesha Meendum Santhipom,Devika Nambiar,//in.bmscdn.com/iedb/artist/images/website/poster/large/devika-nambiar-38654-05-04-2019-12-50-31.jpg
Ganesha Meendum Santhipom,D Singampuli,//in.bmscdn.com/iedb/artist/images/website/poster/large/d-singampuli-1051026-30-01-2018-01-02-57.jpg
To Let,Chezhian Ra,//in.bmscdn.com/iedb/artist/images/website/poster/large/chezhian-ra-1095483-21-02-2019-11-40-42.jpg
To Let,Sheela Rajkumar,//in.bmscdn.com/iedb/artist/images/website/poster/large/sheela-rajkumar-1095481-12-10-2018-11-49-26.jpg
To Let,Dharun Bala,//in.bmscdn.com/iedb/artist/images/website/poster/large/dharun-bala-1095482-21-02-2019-11-37-20.jpg
