hyderabad,Majili
hyderabad,Shazam!
hyderabad,Chitralahari
hyderabad,Romeo Akbar Walter
hyderabad,PM Narendra Modi
hyderabad,Kesari
hyderabad,Lakshmi's NTR
hyderabad,Prema Katha Chitram 2
hyderabad,Dumbo
hyderabad,Super Deluxe
hyderabad,How To Train Your Dragon: The Hidden World
hyderabad,Hellboy
hyderabad,Badla
hyderabad,The Least Of These
hyderabad,Lucifer 
hyderabad,Jessie
hyderabad,Captain Marvel
hyderabad,Suryakantham
hyderabad,Junglee
hyderabad,Luka Chuppi
hyderabad,URI - The Surgical Strike
hyderabad,Mera Naam Shaji
hyderabad,Pet Sematary
hyderabad,Lucifer 
hyderabad,Chikati Gadilo Chithakotudu
hyderabad,Five Feet Apart 
hyderabad,Airaa
hyderabad,Sahasaputrudu
hyderabad,118
hyderabad,Paharganj
hyderabad,Prasnistha
hyderabad,Blackboard VS Whiteboard
hyderabad,Kalank
hyderabad,Krantiveer
hyderabad,Farishtay
hyderabad,Zhagaram
hyderabad,Virus
hyderabad,Ek Haqiqat Ganga
hyderabad,Gun Pe Done
hyderabad,The Tashkent Files
hyderabad,Betiyon Ki Balle Balle (Kargil Se Kanyakumari)
hyderabad,Albert Pinto Ko Gussa Kyun Aata Hai?
hyderabad,Marudhar Express
hyderabad,Free Solo
hyderabad,Gangs Of Madras
hyderabad,Rocky The Revenge
hyderabad,Watchman
hyderabad,Wedding Cha Shinema
hyderabad,Kahi Kshan Premache
hyderabad,Hridayi Vasant Phultana
hyderabad,Night Out
hyderabad,Kavaludaari
hyderabad,Athiran
hyderabad,Madhuraraja
hyderabad,Manje Bistre 2 
hyderabad,Vinci Da
hyderabad,Tarikh
hyderabad,Tui Amar Rani
hyderabad,Kachindo
hyderabad,Payanigaru
hyderabad,The Curse Of The Weeping Woman
hyderabad,The Voyage Of Doctor Dolittle
hyderabad,After
hyderabad,Miracle
hyderabad,Kanchana 3
hyderabad,Jersey
hyderabad,Miranda House
hyderabad,Thrayambakam
hyderabad,Paddehuli
hyderabad,Punarvasu Nakshathra Mithuna Rashi
hyderabad,Howla Howla
hyderabad,Naukar Vahuti Da
hyderabad,Marvel Movie Marathon
hyderabad,Diksoochi
hyderabad,Oru Yamandan Prema Kadha
hyderabad,Avengers: Endgame
hyderabad,KaaGaR
hyderabad,Ombathane Adbutha
hyderabad,Gara
hyderabad,Nadhoo Khan
hyderabad,Ke Tumi Nandini
hyderabad,Jyeshthoputro
hyderabad,Mr. Local
hyderabad,Arjun Suravaram
hyderabad,Vijayaratha 
hyderabad,Setters
hyderabad,Blank
hyderabad,Hansa Ek Sanyog
hyderabad,Gunwali Dulhaniya
hyderabad,Uglydolls
hyderabad,Balaa
hyderabad,Blackia
hyderabad,Jind Jaan
hyderabad,Maharshi
hyderabad,Student Of The Year 2
hyderabad,Chhota Bheem: Kung Fu Dhamaka
hyderabad,Pokemon Detective Pikachu
hyderabad,BRIGHTBURN
hyderabad,Ayogya
hyderabad,Ek Hota Pani
hyderabad,Anushka
hyderabad,Lukan Michi
hyderabad,Durgeshgorer Guptodhon
hyderabad,Chase
hyderabad,De De Pyaar De
hyderabad,The Hustle
hyderabad,The Sun Is Also A Star
hyderabad,John Wick: Chapter 3 - Parabellum
hyderabad,A Dogs Journey
hyderabad,Adham
hyderabad,Rampaat
hyderabad,Gangstar vs State
hyderabad,Chaturnath
hyderabad,Mental Hai Kya
hyderabad,India's Most Wanted
hyderabad,Aladdin
hyderabad,Ad Astra
hyderabad,Judgement
hyderabad,Muklawa
hyderabad,Godzilla 2: King of the Monsters
hyderabad,Rocketman
hyderabad,MA
hyderabad,Dear Comrade
hyderabad,NGK
hyderabad,BaBo
hyderabad,Bharat
hyderabad, X-Men: Dark Phoenix
hyderabad,Sandeep Aur Pinky Faraar
hyderabad,Mogra Phulaalaa
hyderabad,Toy Story 4
hyderabad,Kabir Singh
hyderabad,Shadaa
hyderabad,Drive
hyderabad,Annabelle Comes Home
hyderabad,Takatak
hyderabad,Mindo Taseeldarni
hyderabad,Satellite Shankar
hyderabad,Spider-Man: Far From Home
hyderabad,Jabariya Jodi
hyderabad,Jai Mummy Di
hyderabad,A Biopic from the Film Industry
hyderabad,Top Gun: Maverick
hyderabad,Arjun Patiala
hyderabad,The Lion King
hyderabad,Pal Pal Dil Ke Paas
hyderabad,Smile Please
hyderabad,Super 30
hyderabad,Hobbs and Shaw
hyderabad,Once Upon A Time In Hollywood
hyderabad,Stuber
hyderabad,The New Mutants
hyderabad,Dora And The Lost City Of Gold
hyderabad,Artemis Fowl
hyderabad,Batla House
hyderabad,Made In China
hyderabad,Saaho
hyderabad,Ye Re Ye Re Paisa 2
hyderabad,Chhichhore
hyderabad,Good News
hyderabad,It: Chapter 2
hyderabad,Dream Girl
hyderabad,Spies In Disguise
hyderabad,Daaka
hyderabad,Nikka Zaildar 3
hyderabad,Abominable
hyderabad,Doorbeen
hyderabad,Gaalib
hyderabad,Rambo
hyderabad,Marjaavaan
hyderabad,Gemini Man
hyderabad,The Woman In The Window
hyderabad,Joker
hyderabad,Password
hyderabad,The Sky Is Pink
hyderabad,Jungle Cruise 
hyderabad,Maleficent 2
hyderabad,Kaithi
hyderabad,Jinde Meriye
hyderabad,ABCD 3
hyderabad,Street Dancer 3
hyderabad,Terminator
hyderabad,Frozen 2
hyderabad,Dil Bechara
mumbai,Romeo Akbar Walter
mumbai,Shazam!
mumbai,Kesari
mumbai,Dumbo
mumbai,Badla
mumbai,Junglee
mumbai,Lucifer 
mumbai,PM Narendra Modi
mumbai,Chaal Jeevi Laiye
mumbai,How To Train Your Dragon: The Hidden World
mumbai,Luka Chuppi
mumbai,Captain Marvel
mumbai,The Least Of These
mumbai,Majili
mumbai,Fighting with My Family
mumbai,Marvel Movie Marathon
mumbai,Mera Naam Shaji
mumbai,Us
mumbai,Bhobishyoter Bhoot
mumbai,Mard Ko Dard Nahi Hota
mumbai,Basu Paribar
mumbai,Dilwale Dulhania Le Jayenge
mumbai,Total Dhamaal
mumbai,No Fathers in Kashmir
mumbai,Saavat
mumbai,Anandi Gopal
mumbai,Hellboy
mumbai,Gully Boy
mumbai,Uriyadi 2
mumbai,Super Deluxe
mumbai,Notebook
mumbai,Kuppathu Raja
mumbai,Dhumas
mumbai,Five Feet Apart 
mumbai,Wonder Park
mumbai,Kavacha
mumbai,Menka Urvashi
mumbai,Yaara Ve
mumbai,Wedding Cha Shinema
mumbai,Woh Ban Gaya Killer
mumbai,Raja
mumbai,Zhagaram
mumbai,Virus
mumbai,Blackboard VS Whiteboard
mumbai,Marudhar Express
mumbai,Paharganj
mumbai,Albert Pinto Ko Gussa Kyun Aata Hai?
mumbai,The Tashkent Files
mumbai,Betiyon Ki Balle Balle (Kargil Se Kanyakumari)
mumbai,Ek Haqiqat Ganga
mumbai,Gun Pe Done
mumbai,Pet Sematary
mumbai,Free Solo
mumbai,Gangs Of Madras
mumbai,Watchman
mumbai,Rocky The Revenge
mumbai,Sahasaputrudu
mumbai,Chitralahari
mumbai,Lucifer 
mumbai,Hridayi Vasant Phultana
mumbai,Kahi Kshan Premache
mumbai,Night Out
mumbai,Kavaludaari
mumbai,Athiran
mumbai,Madhuraraja
mumbai,Manje Bistre 2 
mumbai,Vinci Da
mumbai,Tarikh
mumbai,Tui Amar Rani
mumbai,Kachindo
mumbai,Kalank
mumbai,Payanigaru
mumbai,The Curse Of The Weeping Woman
mumbai,The Voyage Of Doctor Dolittle
mumbai,After
mumbai,Kanchana 3
mumbai,Miracle
mumbai,Jersey
mumbai,Miranda House
mumbai,Thrayambakam
mumbai,Paddehuli
mumbai,Punarvasu Nakshathra Mithuna Rashi
mumbai,Howla Howla
mumbai,Naukar Vahuti Da
mumbai,Diksoochi
mumbai,Oru Yamandan Prema Kadha
mumbai,Avengers: Endgame
mumbai,KaaGaR
mumbai,Ombathane Adbutha
mumbai,Gara
mumbai,Nadhoo Khan
mumbai,Ke Tumi Nandini
mumbai,Jyeshthoputro
mumbai,Mr. Local
mumbai,Arjun Suravaram
mumbai,Vijayaratha 
mumbai,Setters
mumbai,Blank
mumbai,Hansa Ek Sanyog
mumbai,Gunwali Dulhaniya
mumbai,Uglydolls
mumbai,Balaa
mumbai,Blackia
mumbai,Jind Jaan
mumbai,Maharshi
mumbai,Student Of The Year 2
mumbai,Chhota Bheem: Kung Fu Dhamaka
mumbai,Pokemon Detective Pikachu
mumbai,BRIGHTBURN
mumbai,Ayogya
mumbai,Ek Hota Pani
mumbai,Anushka
mumbai,Lukan Michi
mumbai,Durgeshgorer Guptodhon
mumbai,Chase
mumbai,De De Pyaar De
mumbai,The Hustle
mumbai,The Sun Is Also A Star
mumbai,John Wick: Chapter 3 - Parabellum
mumbai,A Dogs Journey
mumbai,Adham
mumbai,Rampaat
mumbai,Gangstar vs State
mumbai,Chaturnath
mumbai,Mental Hai Kya
mumbai,India's Most Wanted
mumbai,Aladdin
mumbai,Ad Astra
mumbai,Judgement
mumbai,Muklawa
mumbai,Godzilla 2: King of the Monsters
mumbai,Rocketman
mumbai,MA
mumbai,Dear Comrade
mumbai,NGK
mumbai,BaBo
mumbai,Bharat
mumbai, X-Men: Dark Phoenix
mumbai,Sandeep Aur Pinky Faraar
mumbai,Mogra Phulaalaa
mumbai,Toy Story 4
mumbai,Kabir Singh
mumbai,Shadaa
mumbai,Drive
mumbai,Annabelle Comes Home
mumbai,Takatak
mumbai,Mindo Taseeldarni
mumbai,Satellite Shankar
mumbai,Spider-Man: Far From Home
mumbai,Jabariya Jodi
mumbai,Jai Mummy Di
mumbai,A Biopic from the Film Industry
mumbai,Top Gun: Maverick
mumbai,Arjun Patiala
mumbai,The Lion King
mumbai,Pal Pal Dil Ke Paas
mumbai,Smile Please
mumbai,Super 30
mumbai,Hobbs and Shaw
mumbai,Once Upon A Time In Hollywood
mumbai,Stuber
mumbai,The New Mutants
mumbai,Dora And The Lost City Of Gold
mumbai,Artemis Fowl
mumbai,Batla House
mumbai,Made In China
mumbai,Saaho
mumbai,Ye Re Ye Re Paisa 2
mumbai,Chhichhore
mumbai,Good News
mumbai,It: Chapter 2
mumbai,Dream Girl
mumbai,Spies In Disguise
mumbai,Daaka
mumbai,Nikka Zaildar 3
mumbai,Abominable
mumbai,Doorbeen
mumbai,Gaalib
mumbai,Rambo
mumbai,Marjaavaan
mumbai,Gemini Man
mumbai,The Woman In The Window
mumbai,Joker
mumbai,Password
mumbai,The Sky Is Pink
mumbai,Jungle Cruise 
mumbai,Maleficent 2
mumbai,Kaithi
mumbai,Jinde Meriye
chennai,Natpe Thunai
chennai,Uriyadi 2
chennai,Super Deluxe
chennai,Majili
chennai,Shazam!
chennai,Lucifer 
chennai,Dumbo
chennai,Kuppathu Raja
chennai,Airaa
chennai,Romeo Akbar Walter
chennai,The Least Of These
chennai,Madhuraraja
chennai,Chitralahari
chennai,How To Train Your Dragon: The Hidden World
chennai,Captain Marvel
chennai,Watchman
chennai,Hellboy
chennai,Mera Naam Shaji
chennai,Kesari
chennai,Ispade Rajavum Idhaya Raniyum
chennai,The Tashkent Files
chennai,Badla
chennai,Us
chennai,Pet Sematary
chennai,Thadam
chennai,Gangs Of Madras
chennai,LKG
chennai,Gully Boy
chennai,Avengers: Infinity War
chennai,Lakshmi's NTR
chennai,90 ML
chennai,Junglee
chennai,Fighting with My Family
chennai,Argentina Fans Kaattoorkadavu
chennai,Ganesha Meendum Santhipom
chennai,Kavaludaari
chennai,Oru Kadhai Sollatuma
chennai,Kudimagan
chennai,Boomerang
chennai,Rocky The Revenge
chennai,Zhagaram
chennai,To Let
chennai,Virus
chennai,Gun Pe Done
chennai,Ek Haqiqat Ganga
chennai,Betiyon Ki Balle Balle (Kargil Se Kanyakumari)
chennai,Marudhar Express
chennai,Paharganj
chennai,Blackboard VS Whiteboard
chennai,Albert Pinto Ko Gussa Kyun Aata Hai?
chennai,Five Feet Apart 
chennai,Free Solo
chennai,Lucifer 
chennai,Sahasaputrudu
chennai,Wedding Cha Shinema
chennai,Hridayi Vasant Phultana
chennai,Kahi Kshan Premache
chennai,Night Out
chennai,Athiran
chennai,Manje Bistre 2 
chennai,Vinci Da
chennai,Tarikh
chennai,Tui Amar Rani
chennai,Kachindo
chennai,Kalank
chennai,Payanigaru
chennai,The Curse Of The Weeping Woman
chennai,The Voyage Of Doctor Dolittle
chennai,After
chennai,Miracle
chennai,Kanchana 3
chennai,Jersey
chennai,Miranda House
chennai,Thrayambakam
chennai,Paddehuli
chennai,Howla Howla
chennai,Punarvasu Nakshathra Mithuna Rashi
chennai,Naukar Vahuti Da
chennai,Marvel Movie Marathon
chennai,Diksoochi
chennai,Oru Yamandan Prema Kadha
chennai,Avengers: Endgame
chennai,KaaGaR
chennai,Gara
chennai,Ombathane Adbutha
chennai,Nadhoo Khan
chennai,Ke Tumi Nandini
chennai,Jyeshthoputro
chennai,Mr. Local
chennai,Arjun Suravaram
chennai,Vijayaratha 
chennai,Setters
chennai,Blank
chennai,Hansa Ek Sanyog
chennai,Gunwali Dulhaniya
chennai,Uglydolls
chennai,Balaa
chennai,Blackia
chennai,Jind Jaan
chennai,Maharshi
chennai,Student Of The Year 2
chennai,Chhota Bheem: Kung Fu Dhamaka
chennai,Pokemon Detective Pikachu
chennai,BRIGHTBURN
chennai,Ayogya
chennai,Ek Hota Pani
chennai,Anushka
chennai,Lukan Michi
chennai,Durgeshgorer Guptodhon
chennai,Chase
chennai,De De Pyaar De
chennai,The Hustle
chennai,The Sun Is Also A Star
chennai,John Wick: Chapter 3 - Parabellum
chennai,A Dogs Journey
chennai,Adham
chennai,Rampaat
chennai,Gangstar vs State
chennai,Chaturnath
chennai,Mental Hai Kya
chennai,India's Most Wanted
chennai,Aladdin
chennai,Ad Astra
chennai,Judgement
chennai,Muklawa
chennai,Godzilla 2: King of the Monsters
chennai,Rocketman
chennai,MA
chennai,Dear Comrade
chennai,NGK
chennai,BaBo
chennai,Bharat
chennai, X-Men: Dark Phoenix
chennai,Sandeep Aur Pinky Faraar
chennai,Mogra Phulaalaa
chennai,Toy Story 4
chennai,Kabir Singh
chennai,Shadaa
chennai,Drive
chennai,Annabelle Comes Home
chennai,Takatak
chennai,Mindo Taseeldarni
chennai,Satellite Shankar
chennai,Spider-Man: Far From Home
chennai,Jabariya Jodi
chennai,Jai Mummy Di
chennai,A Biopic from the Film Industry
chennai,Top Gun: Maverick
chennai,Arjun Patiala
chennai,The Lion King
chennai,Pal Pal Dil Ke Paas
chennai,Smile Please
chennai,Super 30
chennai,Hobbs and Shaw
chennai,Once Upon A Time In Hollywood
chennai,Stuber
chennai,The New Mutants
chennai,Dora And The Lost City Of Gold
chennai,Artemis Fowl
chennai,Batla House
chennai,Made In China
chennai,Saaho
chennai,Ye Re Ye Re Paisa 2
chennai,Chhichhore
chennai,Good News
chennai,It: Chapter 2
chennai,Dream Girl
chennai,Spies In Disguise
chennai,Daaka
chennai,Nikka Zaildar 3
chennai,Abominable
chennai,Doorbeen
chennai,Gaalib
chennai,Rambo
chennai,Marjaavaan
chennai,Gemini Man
chennai,The Woman In The Window
chennai,Joker
chennai,Password
chennai,The Sky Is Pink
chennai,Jungle Cruise 
chennai,Maleficent 2
chennai,Kaithi
chennai,Jinde Meriye
chennai,ABCD 3
chennai,Street Dancer 3
chennai,Terminator
chennai,Frozen 2
chennai,Dil Bechara
chennai,Panipat
